{
  "schema_version": "1.3",
  "aiperf_version": "0.11.0",
  "benchmark_id": "226c0e0ecc26",
  "request_throughput": {
    "unit": "requests/sec",
    "avg": 0.1834945541349475
  },
  "request_latency": {
    "unit": "ms",
    "avg": 5439.9114532799995,
    "p1": 1182.73405095,
    "p5": 1359.3322308499999,
    "p10": 1536.9657759,
    "p25": 1767.7302375,
    "p50": 2989.1181404999998,
    "p75": 4438.8879015,
    "p90": 7973.8313919,
    "p95": 21342.236044499958,
    "p99": 43377.06697713996,
    "min": 1102.3499649999999,
    "max": 52435.874315,
    "std": 8927.571189653858,
    "count": 50,
    "sum": 271995.572664
  },
  "request_count": {
    "unit": "requests",
    "avg": 50.0
  },
  "time_to_first_token": {
    "unit": "ms",
    "avg": 209.91882263999997,
    "p1": 169.06584231999997,
    "p5": 172.0476839,
    "p10": 179.55088769999998,
    "p25": 186.5516855,
    "p50": 194.56194399999998,
    "p75": 216.74679899999998,
    "p90": 247.81040449999998,
    "p95": 282.82137509999995,
    "p99": 366.29860263999996,
    "min": 168.58997,
    "max": 373.79088099999996,
    "std": 41.199922392382604,
    "count": 50,
    "sum": 10495.941132
  },
  "time_to_second_token": {
    "unit": "ms",
    "avg": 30.70275162,
    "p1": 29.388222,
    "p5": 29.530614999999997,
    "p10": 29.767230399999995,
    "p25": 30.126564499999997,
    "p50": 30.739679,
    "p75": 31.04288,
    "p90": 31.5879451,
    "p95": 31.91619905,
    "p99": 32.34280395,
    "min": 29.370974,
    "max": 32.633837,
    "std": 0.7201315833752854,
    "count": 50,
    "sum": 1535.137581
  },
  "inter_token_latency": {
    "unit": "ms",
    "avg": 3.938898311734095,
    "p1": 2.732413858492183,
    "p5": 2.934504516313582,
    "p10": 3.1237001470668626,
    "p25": 3.262653233502198,
    "p50": 3.946796123336138,
    "p75": 4.316457622727273,
    "p90": 5.041238543876754,
    "p95": 5.334527789280471,
    "p99": 5.911987765932647,
    "min": 2.6956006081330868,
    "max": 6.0953461710669075,
    "std": 0.7810434175172962,
    "count": 50,
    "sum": 196.94491558670475
  },
  "output_token_throughput": {
    "unit": "tokens/sec",
    "avg": 219.5292146759685
  },
  "output_token_throughput_per_user": {
    "unit": "tokens/sec/user",
    "avg": 263.4587007228948,
    "p1": 169.317577523431,
    "p5": 187.47838853316046,
    "p10": 198.36692125462028,
    "p25": 231.67345203957368,
    "p50": 253.4012200745471,
    "p75": 306.52344242576856,
    "p90": 320.13316102338496,
    "p95": 340.77822029684046,
    "p99": 366.04588786296557,
    "min": 164.0595910281111,
    "max": 370.9748384025546,
    "std": 49.508268429635564,
    "count": 50,
    "sum": 13172.93503614474
  },
  "output_sequence_length": {
    "unit": "tokens",
    "avg": 1196.38,
    "p1": 264.15,
    "p5": 305.15,
    "p10": 323.7,
    "p25": 400.5,
    "p50": 721.5,
    "p75": 1075.25,
    "p90": 2121.1000000000004,
    "p95": 4044.849999999993,
    "p99": 7934.119999999991,
    "min": 247.0,
    "max": 10243.0,
    "std": 1654.9854729271794,
    "count": 50,
    "sum": 59819.0
  },
  "input_sequence_length": {
    "unit": "tokens",
    "avg": 69.86,
    "p1": 10.98,
    "p5": 16.25,
    "p10": 22.6,
    "p25": 30.0,
    "p50": 47.0,
    "p75": 80.5,
    "p90": 152.0,
    "p95": 187.84999999999997,
    "p99": 295.8699999999997,
    "min": 10.0,
    "max": 363.0,
    "std": 64.56036245251416,
    "count": 50,
    "sum": 3493.0
  },
  "output_token_count": {
    "unit": "tokens",
    "avg": 1196.38,
    "p1": 264.15,
    "p5": 305.15,
    "p10": 323.7,
    "p25": 400.5,
    "p50": 721.5,
    "p75": 1075.25,
    "p90": 2121.1000000000004,
    "p95": 4044.849999999993,
    "p99": 7934.119999999991,
    "min": 247.0,
    "max": 10243.0,
    "std": 1654.9854729271794,
    "count": 50,
    "sum": 59819.0
  },
  "inter_chunk_latency": {
    "unit": "ms",
    "avg": 4.3751716028710534,
    "p1": 0.0,
    "p5": 0.0,
    "p10": 0.0,
    "p25": 0.0,
    "p50": 0.00834766138424089,
    "p75": 0.05545934899003826,
    "p90": 27.956492062278354,
    "p95": 28.659002377652513,
    "p99": 29.93684098134382,
    "min": 0.0,
    "max": 36.071929,
    "std": 10.26693974629344,
    "count": 59769,
    "sum": 261499.631532
  },
  "total_output_tokens": {
    "unit": "tokens",
    "avg": 59819.0
  },
  "benchmark_duration": {
    "unit": "sec",
    "avg": 272.48765085
  },
  "total_isl": {
    "unit": "tokens",
    "avg": 3493.0
  },
  "total_osl": {
    "unit": "tokens",
    "avg": 59819.0
  },
  "telemetry_data": {
    "summary": {
      "endpoints_configured": [],
      "endpoints_successful": [],
      "start_time": "2026-07-05T18:58:35.007320",
      "end_time": "2026-07-05T19:03:09.501385"
    },
    "endpoints": {},
    "error_summary": []
  },
  "input_config": {
    "models": {
      "items": [
        {
          "name": "qwen36-dflash15"
        }
      ]
    },
    "endpoint": {
      "urls": [
        "http://localhost:8001"
      ],
      "type": "chat",
      "streaming": true,
      "extra": {
        "temperature": 0,
        "top_p": 1.0,
        "top_k": 1
      }
    },
    "datasets": [
      {
        "name": "main",
        "type": "synthetic",
        "entries": 50,
        "random_seed": 42,
        "sampling": "sequential",
        "prompts": {
          "isl": {
            "mean": 550.0
          }
        }
      }
    ],
    "phases": [
      {
        "name": "profiling",
        "type": "concurrency",
        "requests": 50,
        "concurrency": 1
      }
    ],
    "artifacts": {
      "dir": "/home/luke/Documents/Code/DFlash/artifacts/dflash/accuracy/math_500",
      "records": [
        "jsonl"
      ],
      "auto_plot": false,
      "plot_required": false
    },
    "tokenizer": {
      "name": "Qwen/Qwen3.6-27B"
    },
    "gpu_telemetry": {
      "enabled": true
    },
    "server_metrics": {
      "enabled": true,
      "urls": [],
      "formats": [
        "json",
        "csv"
      ]
    },
    "network_latency": {
      "enabled": false
    },
    "otel": {},
    "mlflow": {},
    "wandb": {},
    "accuracy": {
      "benchmark": "math_500"
    }
  },
  "run_info": {
    "benchmark_id": "226c0e0ecc26",
    "random_seed": 42,
    "trial": 0,
    "cli_command": "aiperf profile --model 'qwen36-dflash15' --url 'http://localhost:8001' --endpoint-type 'chat' --streaming --tokenizer 'Qwen/Qwen3.6-27B' --accuracy-benchmark 'math_500' --num-dataset-entries 50 --dataset-sampling-strategy 'sequential' --request-count 50 --concurrency 1 --random-seed 42 --extra-inputs 'temperature:0' --extra-inputs 'top_p:1.0' --extra-inputs 'top_k:1' --output-artifact-dir '/home/luke/Documents/Code/DFlash/benchmark/../artifacts/dflash/accuracy/math_500'"
  },
  "was_cancelled": false,
  "error_summary": [],
  "start_time": "2026-07-05T18:58:35.007320",
  "end_time": "2026-07-05T19:03:07.498576",
  "http_req_data_received": {
    "unit": "KB",
    "avg": 290.23169921875,
    "p1": 64.80017578125,
    "p5": 74.58466796875,
    "p10": 79.24580078125,
    "p25": 97.83642578125,
    "p50": 175.4912109375,
    "p75": 260.92578125,
    "p90": 513.0736328125001,
    "p95": 979.7727050781233,
    "p99": 1921.4943847656227,
    "min": 60.607421875,
    "max": 2478.7138671875,
    "std": 400.4818047659989,
    "count": 50,
    "sum": 14511.5849609375
  },
  "http_req_receiving": {
    "unit": "ms",
    "avg": 5232.28450654,
    "p1": 1014.0293723999999,
    "p5": 1179.5813746,
    "p10": 1304.5902122,
    "p25": 1573.2142035,
    "p50": 2796.5406545,
    "p75": 4172.7024455,
    "p90": 7707.841721700001,
    "p95": 21129.94615649996,
    "p99": 43156.49523147997,
    "min": 907.73428,
    "max": 52234.986866,
    "std": 8923.918601442552,
    "count": 50,
    "sum": 261614.225327
  },
  "http_req_waiting": {
    "unit": "ms",
    "avg": 209.48162693999998,
    "p1": 168.65906361999998,
    "p5": 171.66581084999999,
    "p10": 179.0617266,
    "p25": 186.16462099999998,
    "p50": 194.16981249999998,
    "p75": 216.29116449999998,