{
  "schema_version": "1.3",
  "aiperf_version": "0.11.0",
  "benchmark_id": "f77a46ce9b4d",
  "request_throughput": {
    "unit": "requests/sec",
    "avg": 0.18649159149193195
  },
  "request_latency": {
    "unit": "ms",
    "avg": 5352.0780050799995,
    "p1": 1019.56952751,
    "p5": 1333.15855065,
    "p10": 1636.6934179999998,
    "p25": 2213.504516,
    "p50": 3343.0337215,
    "p75": 5078.5362635,
    "p90": 9631.211649400006,
    "p95": 17910.392059449998,
    "p99": 36980.35705895993,
    "min": 823.321363,
    "max": 57815.994519,
    "std": 7115.865113409961,
    "count": 500,
    "sum": 2676039.00254
  },
  "request_count": {
    "unit": "requests",
    "avg": 500.0
  },
  "time_to_first_token": {
    "unit": "ms",
    "avg": 213.16809030199997,
    "p1": 171.24271499,
    "p5": 177.30839799999998,
    "p10": 181.4644589,
    "p25": 189.7232635,
    "p50": 201.3503935,
    "p75": 222.75234949999998,
    "p90": 260.043958,
    "p95": 286.5532847499999,
    "p99": 364.6693720599999,
    "min": 158.53804599999998,
    "max": 516.998411,
    "std": 40.253452480290925,
    "count": 500,
    "sum": 106584.045151
  },
  "time_to_second_token": {
    "unit": "ms",
    "avg": 31.809840285999996,
    "p1": 28.4590183,
    "p5": 28.822936499999997,
    "p10": 29.213149899999998,
    "p25": 29.986040499999998,
    "p50": 31.403326,
    "p75": 33.038396,
    "p90": 34.707201899999994,
    "p95": 35.866453549999996,
    "p99": 38.18988529999999,
    "min": 28.147768,
    "max": 84.80739299999999,
    "std": 3.2211866830588525,
    "count": 500,
    "sum": 15904.920143
  },
  "inter_token_latency": {
    "unit": "ms",
    "avg": 4.045193121614319,
    "p1": 2.8323372256736215,
    "p5": 3.105246623376967,
    "p10": 3.226587690773787,
    "p25": 3.5482116955168412,
    "p50": 3.9143352407432674,
    "p75": 4.411950963561552,
    "p90": 5.002910359067468,
    "p95": 5.535645065604555,
    "p99": 6.199423368786098,
    "min": 2.6547325637707946,
    "max": 7.452092173681776,
    "std": 0.7364240924391107,
    "count": 500,
    "sum": 2022.5965608071606
  },
  "output_token_throughput": {
    "unit": "tokens/sec",
    "avg": 223.4818256811737
  },
  "output_token_throughput_per_user": {
    "unit": "tokens/sec/user",
    "avg": 254.6685555633804,
    "p1": 161.3057242270388,
    "p5": 180.64792734544088,
    "p10": 199.8837675252217,
    "p25": 226.6571692986305,
    "p50": 255.47122534615622,
    "p75": 281.8324210917643,
    "p90": 309.9257443596432,
    "p95": 322.0357106719243,
    "p99": 353.0658081678471,
    "min": 134.19050337724696,
    "max": 376.68577756080833,
    "std": 42.231852600232465,
    "count": 500,
    "sum": 127334.2777816903
  },
  "output_sequence_length": {
    "unit": "tokens",
    "avg": 1198.348,
    "p1": 237.97,
    "p5": 300.55,
    "p10": 357.6,
    "p25": 506.75,
    "p50": 804.5,
    "p75": 1302.25,
    "p90": 2298.2000000000003,
    "p95": 3717.999999999999,
    "p99": 6680.589999999995,
    "min": 115.0,
    "max": 10321.0,
    "std": 1333.5750038509268,
    "count": 500,
    "sum": 599174.0
  },
  "input_sequence_length": {
    "unit": "tokens",
    "avg": 72.304,
    "p1": 12.99,
    "p5": 19.0,
    "p10": 22.0,
    "p25": 33.0,
    "p50": 50.0,
    "p75": 78.0,
    "p90": 143.10000000000002,
    "p95": 215.0,
    "p99": 363.02,
    "min": 8.0,
    "max": 831.0,
    "std": 80.5246023523246,
    "count": 500,
    "sum": 36152.0
  },
  "output_token_count": {
    "unit": "tokens",
    "avg": 1198.348,
    "p1": 237.97,
    "p5": 300.55,
    "p10": 357.6,
    "p25": 506.75,
    "p50": 804.5,
    "p75": 1302.25,
    "p90": 2298.2000000000003,
    "p95": 3717.999999999999,
    "p99": 6680.589999999995,
    "min": 115.0,
    "max": 10321.0,
    "std": 1333.5750038509268,
    "count": 500,
    "sum": 599174.0
  },
  "inter_chunk_latency": {
    "unit": "ms",
    "avg": 4.291910050192593,
    "p1": 0.0,
    "p5": 0.0,
    "p10": 0.0,
    "p25": 0.0,
    "p50": 0.0,
    "p75": 0.04976859958709224,
    "p90": 28.343923070909177,
    "p95": 30.525014932531178,
    "p99": 33.54932308112151,
    "min": 0.0,
    "max": 84.80739299999999,
    "std": 10.490457058878414,
    "count": 598674,
    "sum": 2569454.957389
  },
  "total_output_tokens": {
    "unit": "tokens",
    "avg": 599174.0
  },
  "benchmark_duration": {
    "unit": "sec",
    "avg": 2681.086026453
  },
  "total_isl": {
    "unit": "tokens",
    "avg": 36152.0
  },
  "total_osl": {
    "unit": "tokens",
    "avg": 599174.0
  },
  "telemetry_data": {
    "summary": {
      "endpoints_configured": [],
      "endpoints_successful": [],
      "start_time": "2026-07-09T21:18:57.879897",
      "end_time": "2026-07-09T22:03:40.973402"
    },
    "endpoints": {},
    "error_summary": []
  },
  "input_config": {
    "models": {
      "items": [
        {
          "name": "qwen36-dflash15test"
        }
      ]
    },
    "endpoint": {
      "urls": [
        "http://localhost:8001"
      ],
      "type": "chat",
      "streaming": true,
      "extra": {
        "temperature": 0,
        "top_p": 1.0,
        "top_k": 1
      }
    },
    "datasets": [
      {
        "name": "main",
        "type": "synthetic",
        "entries": 500,
        "random_seed": 42,
        "sampling": "sequential",
        "prompts": {
          "isl": {
            "mean": 550.0
          }
        }
      }
    ],
    "phases": [
      {
        "name": "profiling",
        "type": "concurrency",
        "requests": 500,
        "concurrency": 1
      }
    ],
    "artifacts": {
      "dir": "/home/luke/Documents/Code/DFlash/artifacts/dflash/accuracy/math_500",
      "records": [
        "jsonl"
      ],
      "auto_plot": false,
      "plot_required": false
    },
    "tokenizer": {
      "name": "Qwen/Qwen3.6-27B"
    },
    "gpu_telemetry": {
      "enabled": true
    },
    "server_metrics": {
      "enabled": true,
      "urls": [],
      "formats": [
        "json",
        "csv"
      ]
    },
    "network_latency": {
      "enabled": false
    },
    "otel": {},
    "mlflow": {},
    "wandb": {},
    "accuracy": {
      "benchmark": "math_500"
    }
  },
  "run_info": {
    "benchmark_id": "f77a46ce9b4d",
    "random_seed": 42,
    "trial": 0,
    "cli_command": "aiperf profile --model 'qwen36-dflash15test' --url 'http://localhost:8001' --endpoint-type 'chat' --streaming --tokenizer 'Qwen/Qwen3.6-27B' --accuracy-benchmark 'math_500' --num-dataset-entries 500 --dataset-sampling-strategy 'sequential' --request-count 500 --concurrency 1 --random-seed 42 --extra-inputs 'temperature:0' --extra-inputs 'top_p:1.0' --extra-inputs 'top_k:1' --output-artifact-dir '/home/luke/Documents/Code/DFlash/benchmark/../artifacts/dflash/accuracy/math_500'"
  },
  "was_cancelled": false,
  "error_summary": [],
  "start_time": "2026-07-09T21:18:57.879897",
  "end_time": "2026-07-09T22:03:38.970269",
  "http_req_sending": {
    "unit": "ms",
    "avg": 0.36556927,
    "p1": 0.31346928999999996,
    "p5": 0.326986,
    "p10": 0.333638,
    "p25": 0.343251,
    "p50": 0.35403599999999996,
    "p75": 0.3689635,
    "p90": 0.40516199999999997,
    "p95": 0.440363,
    "p99": 0.5789434999999998,
    "min": 0.30823,
    "max": 0.8554419999999999,
    "std": 0.048181002860890096,
    "count": 500,
    "sum": 182.78463499999998
  },
  "http_req_connecting": {
    "unit": "ms",
    "avg": 0.253622048,
    "p1": 0.21697049999999998,
    "p5": 0.2257815,
    "p10": 0.230007,
    "p25": 0.23616075,
    "p50": 0.244136,
    "p75": 0.255921,
    "p90": 0.27993,
    "p95": 0.3102939999999999,
    "p99": 0.42993409,
    "min": 0.21089,
    "max": 0.6510319999999999,
    "std": 0.039266634009368515,
    "count": 500,
    "sum": 126.81102399999999
  },
  "http_req_dns_lookup": {
    "unit": "ms",
    "avg": 0.003169404,
    "p1": 0.0,
    "p5": 0.0,
    "p10": 0.0,
    "p25": 0.0,
    "p50": 0.0,
    "p75": 0.0,
    "p90": 0.0,
    "p95": 0.0,
    "p99": 0.1564021,
    "min": 0.0,
    "max": 0.32555999999999996,