{
  "schema_version": "1.3",
  "aiperf_version": "0.11.0",
  "benchmark_id": "c221c6641966",
  "request_throughput": {
    "unit": "requests/sec",
    "avg": 0.17959342749782095
  },
  "request_latency": {
    "unit": "ms",
    "avg": 5564.557887733334,
    "p1": 3015.51536725,
    "p5": 4065.1095225,
    "p10": 4919.840779499999,
    "p25": 5300.1594485,
    "p50": 5682.146409,
    "p75": 6104.7063105,
    "p90": 6307.883896899999,
    "p95": 6392.1701495,
    "p99": 6558.22962138,
    "min": 2701.964141,
    "max": 6601.613122,
    "std": 795.5958973507267,
    "count": 30,
    "sum": 166936.736632
  },
  "request_count": {
    "unit": "requests",
    "avg": 30.0
  },
  "time_to_first_token": {
    "unit": "ms",
    "avg": 357.1229757666666,
    "p1": 337.10260436,
    "p5": 340.47669974999997,
    "p10": 343.7845251,
    "p25": 350.95663774999997,
    "p50": 358.3596,
    "p75": 360.711392,
    "p90": 365.03795369999995,
    "p95": 374.48514074999997,
    "p99": 386.27192578,
    "min": 335.918452,
    "max": 390.313748,
    "std": 10.59363515522171,
    "count": 30,
    "sum": 10713.689273
  },
  "time_to_second_token": {
    "unit": "ms",
    "avg": 33.98465376666666,
    "p1": 28.50060189,
    "p5": 28.748198449999997,
    "p10": 29.0873389,
    "p25": 31.9461685,
    "p50": 32.4032525,
    "p75": 32.94529125,
    "p90": 33.135988,
    "p95": 33.33372655,
    "p99": 76.75983504000004,
    "min": 28.477998999999997,
    "max": 94.45975999999999,
    "std": 11.323006139283176,
    "count": 30,
    "sum": 1019.5396129999999
  },
  "inter_token_latency": {
    "unit": "ms",
    "avg": 10.190674974494454,
    "p1": 5.232779274657534,
    "p5": 7.283107068982386,
    "p10": 8.92970903894325,
    "p25": 9.653867542074364,
    "p50": 10.426469094911937,
    "p75": 11.241415773483364,
    "p90": 11.641474226418786,
    "p95": 11.804786971722113,
    "p99": 12.132690217886498,
    "min": 4.622235626223092,
    "max": 12.21969348336595,
    "std": 1.54884200073057,
    "count": 30,
    "sum": 305.72024923483366
  },
  "output_token_throughput": {
    "unit": "tokens/sec",
    "avg": 91.95183487888433
  },
  "output_token_throughput_per_user": {
    "unit": "tokens/sec/user",
    "avg": 101.7391603750851,
    "p1": 82.43243806625169,
    "p5": 84.72122775434173,
    "p10": 85.89981038410389,
    "p25": 88.9577019206055,
    "p50": 95.91015742653516,
    "p75": 103.58547049837878,
    "p90": 112.14763177925175,
    "p95": 138.2709593751331,
    "p99": 196.7116004229012,
    "min": 81.83511324250885,
    "max": 216.34552646488882,
    "std": 24.986701824648307,
    "count": 30,
    "sum": 3052.174811252553
  },
  "output_sequence_length": {
    "unit": "tokens",
    "avg": 512.0,
    "p1": 512.0,
    "p5": 512.0,
    "p10": 512.0,
    "p25": 512.0,
    "p50": 512.0,
    "p75": 512.0,
    "p90": 512.0,
    "p95": 512.0,
    "p99": 512.0,
    "min": 512.0,
    "max": 512.0,
    "std": 0.0,
    "count": 30,
    "sum": 15360.0
  },
  "input_sequence_length": {
    "unit": "tokens",
    "avg": 512.0,
    "p1": 512.0,
    "p5": 512.0,
    "p10": 512.0,
    "p25": 512.0,
    "p50": 512.0,
    "p75": 512.0,
    "p90": 512.0,
    "p95": 512.0,
    "p99": 512.0,
    "min": 512.0,
    "max": 512.0,
    "std": 0.0,
    "count": 30,
    "sum": 15360.0
  },
  "output_token_count": {
    "unit": "tokens",
    "avg": 512.0,
    "p1": 512.0,
    "p5": 512.0,
    "p10": 512.0,
    "p25": 512.0,
    "p50": 512.0,
    "p75": 512.0,
    "p90": 512.0,
    "p95": 512.0,
    "p99": 512.0,
    "min": 512.0,
    "max": 512.0,
    "std": 0.0,
    "count": 30,
    "sum": 15360.0
  },
  "inter_chunk_latency": {
    "unit": "ms",
    "avg": 10.348638537294645,
    "p1": 0.0,
    "p5": 0.0,
    "p10": 0.0,
    "p25": 0.0,
    "p50": 0.01202696547314578,
    "p75": 29.808896477807494,
    "p90": 30.441631888095237,
    "p95": 30.786192972222217,
    "p99": 33.011287860659316,
    "min": 0.0,
    "max": 97.263179,
    "std": 14.396602042158783,
    "count": 15096,
    "sum": 156223.047359
  },
  "total_output_tokens": {
    "unit": "tokens",
    "avg": 15360.0
  },
  "benchmark_duration": {
    "unit": "sec",
    "avg": 167.04397492700002
  },
  "total_isl": {
    "unit": "tokens",
    "avg": 15360.0
  },
  "total_osl": {
    "unit": "tokens",
    "avg": 15360.0
  },
  "telemetry_data": {
    "summary": {
      "endpoints_configured": [],
      "endpoints_successful": [],
      "start_time": "2026-07-10T14:18:35.294038",
      "end_time": "2026-07-10T14:21:24.344346"
    },
    "endpoints": {},
    "error_summary": []
  },
  "input_config": {
    "models": {
      "items": [
        {
          "name": "qwen36-dflash-ngram"
        }
      ]
    },
    "endpoint": {
      "urls": [
        "http://localhost:8001"
      ],
      "type": "chat",
      "streaming": true,
      "extra": {
        "temperature": 0,
        "top_p": 1.0,
        "top_k": 1,
        "ignore_eos": true,
        "min_tokens": 512
      }
    },
    "datasets": [
      {
        "name": "main",
        "type": "synthetic",
        "entries": 30,
        "random_seed": 42,
        "prompts": {
          "isl": {
            "mean": 512.0,
            "stddev": 0.0
          },
          "osl": {
            "mean": 512.0,
            "stddev": 0.0
          }
        }
      }
    ],
    "phases": [
      {
        "name": "warmup",
        "type": "concurrency",
        "exclude_from_results": true,
        "requests": 2,
        "concurrency": 1
      },
      {
        "name": "profiling",
        "type": "concurrency",
        "requests": 30,
        "concurrency": 1
      }
    ],
    "artifacts": {
      "dir": "/home/luke/Documents/Code/DFlash/artifacts/dflash_ngram/speed/isl512_osl512",
      "records": [
        "jsonl"
      ],
      "auto_plot": false,
      "plot_required": false
    },
    "tokenizer": {
      "name": "Qwen/Qwen3.6-27B"
    },
    "gpu_telemetry": {
      "enabled": true
    },
    "server_metrics": {
      "enabled": true,
      "urls": [],
      "formats": [
        "json",
        "csv"
      ]
    },
    "network_latency": {
      "enabled": false
    },
    "otel": {},
    "mlflow": {},
    "wandb": {}
  },
  "run_info": {
    "benchmark_id": "c221c6641966",
    "random_seed": 42,
    "trial": 0,
    "cli_command": "aiperf profile --model 'qwen36-dflash-ngram' --url 'http://localhost:8001' --endpoint-type 'chat' --streaming --tokenizer 'Qwen/Qwen3.6-27B' --synthetic-input-tokens-mean 512 --synthetic-input-tokens-stddev 0 --output-tokens-mean 512 --output-tokens-stddev 0 --extra-inputs 'temperature:0' --extra-inputs 'top_p:1.0' --extra-inputs 'top_k:1' --extra-inputs 'ignore_eos:true' --extra-inputs 'min_tokens:512' --concurrency 1 --random-seed 42 --warmup-request-count 2 --request-count 30 --output-artifact-dir '/home/luke/Documents/Code/DFlash/benchmark/../artifacts/dflash_ngram/speed/isl512_osl512'"
  },
  "was_cancelled": false,
  "error_summary": [],
  "start_time": "2026-07-10T14:18:35.294038",
  "end_time": "2026-07-10T14:21:22.341292",
  "http_req_receiving": {
    "unit": "ms",
    "avg": 5207.504126633333,
    "p1": 2673.99131455,
    "p5": 3721.6824592499997,
    "p10": 4563.0871249,
    "p25": 4933.2260615,
    "p50": 5327.9962325,
    "p75": 5744.447873499999,
    "p90": 5948.8771556,
    "p95": 6032.2976211,
    "p99": 6199.88975794,
    "min": 2362.0107949999997,
    "max": 6244.347371,
    "std": 791.4672543136759,
    "count": 30,
    "sum": 156225.123799
  },
  "http_req_chunks_received": {
    "unit": "count",
    "avg": 256.2,
    "p1": 184.47,
    "p5": 215.9,
    "p10": 220.6,
    "p25": 237.5,
    "p50": 256.5,
    "p75": 273.5,
    "p90": 294.0,
    "p95": 303.55,
    "p99": 311.81,
    "min": 172.0,
    "max": 315.0,
    "std": 29.386391408269237,
    "count": 30,
    "sum": 7686.0
  },
  "time_to_first_output_token": {
    "unit": "ms",
    "avg": 357.1229757666666,
    "p1": 337.10260436,
    "p5": 340.47669974999997,
    "p10": 343.7845251,