{
  "schema_version": "1.3",
  "aiperf_version": "0.11.0",
  "benchmark_id": "72ae27237c47",
  "request_throughput": {
    "unit": "requests/sec",
    "avg": 0.02668426013718748
  },
  "request_latency": {
    "unit": "ms",
    "avg": 37419.026365800004,
    "p1": 34957.12272019999,
    "p5": 35053.551497,
    "p10": 35174.087468,
    "p25": 35535.695381,
    "p50": 37255.128604,
    "p75": 38733.118266,
    "p90": 39876.1517376,
    "p95": 40257.1628948,
    "p99": 40561.97182055999,
    "min": 34933.015525999996,
    "max": 40638.174051999995,
    "std": 2090.157760455988,
    "count": 5,
    "sum": 187095.131829
  },
  "request_count": {
    "unit": "requests",
    "avg": 5.0
  },
  "time_to_first_token": {
    "unit": "ms",
    "avg": 4778.2014592,
    "p1": 3655.9666325999997,
    "p5": 3879.1119869999998,
    "p10": 4158.04368,
    "p25": 4994.838759,
    "p50": 5059.16652,
    "p75": 5077.377303,
    "p90": 5126.617573199999,
    "p95": 5143.0309966,
    "p99": 5156.161735319999,
    "min": 3600.180294,
    "max": 5159.44442,
    "std": 591.3475004406698,
    "count": 5,
    "sum": 23891.007296
  },
  "time_to_second_token": {
    "unit": "ms",
    "avg": 33.5568322,
    "p1": 30.400283039999998,
    "p5": 31.0039232,
    "p10": 31.758473399999996,
    "p25": 34.022124,
    "p50": 34.095914,
    "p75": 34.313018,
    "p90": 34.7874464,
    "p95": 34.9455892,
    "p99": 35.07210344,
    "min": 30.249373,
    "max": 35.103732,
    "std": 1.6977106915646611,
    "count": 5,
    "sum": 167.78416099999998
  },
  "inter_token_latency": {
    "unit": "ms",
    "avg": 2.656533320306014,
    "p1": 2.4382666573972487,
    "p5": 2.4450398819239845,
    "p10": 2.4535064125824038,
    "p25": 2.4789060045576625,
    "p50": 2.739069610970945,
    "p75": 2.7406162404167005,
    "p90": 2.828747332758199,
    "p95": 2.8581243635386993,
    "p99": 2.881625988163099,
    "min": 2.4365733512655647,
    "max": 2.887501394319199,
    "std": 0.17155889905491115,
    "count": 5,
    "sum": 13.282666601530071
  },
  "output_token_throughput": {
    "unit": "tokens/sec",
    "avg": 327.89618856575976
  },
  "output_token_throughput_per_user": {
    "unit": "tokens/sec/user",
    "avg": 378.0210567913662,
    "p1": 347.0626295210777,
    "p5": 350.0324312498904,
    "p10": 353.74468341090625,
    "p25": 364.88143989395377,
    "p50": 365.0874720359955,
    "p75": 403.40375881998824,
    "p90": 407.6089639988068,
    "p95": 409.01069905841297,
    "p99": 410.1320871060979,
    "min": 346.32017908887457,
    "max": 410.4124341180192,
    "std": 24.65098651711479,
    "count": 5,
    "sum": 1890.105283956831
  },
  "output_sequence_length": {
    "unit": "tokens",
    "avg": 12288.0,
    "p1": 12288.0,
    "p5": 12288.0,
    "p10": 12288.0,
    "p25": 12288.0,
    "p50": 12288.0,
    "p75": 12288.0,
    "p90": 12288.0,
    "p95": 12288.0,
    "p99": 12288.0,
    "min": 12288.0,
    "max": 12288.0,
    "std": 0.0,
    "count": 5,
    "sum": 61440.0
  },
  "input_sequence_length": {
    "unit": "tokens",
    "avg": 12288.0,
    "p1": 12288.0,
    "p5": 12288.0,
    "p10": 12288.0,
    "p25": 12288.0,
    "p50": 12288.0,
    "p75": 12288.0,
    "p90": 12288.0,
    "p95": 12288.0,
    "p99": 12288.0,
    "min": 12288.0,
    "max": 12288.0,
    "std": 0.0,
    "count": 5,
    "sum": 61440.0
  },
  "output_token_count": {
    "unit": "tokens",
    "avg": 12288.0,
    "p1": 12288.0,
    "p5": 12288.0,
    "p10": 12288.0,
    "p25": 12288.0,
    "p50": 12288.0,
    "p75": 12288.0,
    "p90": 12288.0,
    "p95": 12288.0,
    "p99": 12288.0,
    "min": 12288.0,
    "max": 12288.0,
    "std": 0.0,
    "count": 5,
    "sum": 61440.0
  },
  "inter_chunk_latency": {
    "unit": "ms",
    "avg": 2.656533320306014,
    "p1": 0.0,
    "p5": 0.0,
    "p10": 0.02535947114400293,
    "p25": 0.048931871467425676,
    "p50": 0.0772959924682145,
    "p75": 0.11686322516447369,
    "p90": 0.17237301681911574,
    "p95": 31.420007639348118,
    "p99": 54.2255654253497,
    "min": 0.0,
    "max": 117.781915,
    "std": 10.069796166970596,
    "count": 61435,
    "sum": 163204.124533
  },
  "total_output_tokens": {
    "unit": "tokens",
    "avg": 61440.0
  },
  "benchmark_duration": {
    "unit": "sec",
    "avg": 187.376377471
  },
  "total_isl": {
    "unit": "tokens",
    "avg": 61440.0
  },
  "total_osl": {
    "unit": "tokens",
    "avg": 61440.0
  },
  "telemetry_data": {
    "summary": {
      "endpoints_configured": [],
      "endpoints_successful": [],
      "start_time": "2026-07-10T14:25:34.892596",
      "end_time": "2026-07-10T14:28:44.344174"
    },
    "endpoints": {},
    "error_summary": []
  },
  "input_config": {
    "models": {
      "items": [
        {
          "name": "qwen36-dflash-ngram"
        }
      ]
    },
    "endpoint": {
      "urls": [
        "http://localhost:8001"
      ],
      "type": "chat",
      "streaming": true,
      "extra": {
        "temperature": 0,
        "top_p": 1.0,
        "top_k": 1,
        "ignore_eos": true,
        "min_tokens": 12288
      }
    },
    "datasets": [
      {
        "name": "main",
        "type": "synthetic",
        "entries": 5,
        "random_seed": 42,
        "prompts": {
          "isl": {
            "mean": 12288.0,
            "stddev": 0.0
          },
          "osl": {
            "mean": 12288.0,
            "stddev": 0.0
          }
        }
      }
    ],
    "phases": [
      {
        "name": "warmup",
        "type": "concurrency",
        "exclude_from_results": true,
        "requests": 1,
        "concurrency": 1
      },
      {
        "name": "profiling",
        "type": "concurrency",
        "requests": 5,
        "concurrency": 1
      }
    ],
    "artifacts": {
      "dir": "/home/luke/Documents/Code/DFlash/artifacts/dflash_ngram/speed/isl12288_osl12288",
      "records": [
        "jsonl"
      ],
      "auto_plot": false,
      "plot_required": false
    },
    "tokenizer": {
      "name": "Qwen/Qwen3.6-27B"
    },
    "gpu_telemetry": {
      "enabled": true
    },
    "server_metrics": {
      "enabled": true,
      "urls": [],
      "formats": [
        "json",
        "csv"
      ]
    },
    "network_latency": {
      "enabled": false
    },
    "otel": {},
    "mlflow": {},
    "wandb": {}
  },
  "run_info": {
    "benchmark_id": "72ae27237c47",
    "random_seed": 42,
    "trial": 0,
    "cli_command": "aiperf profile --model 'qwen36-dflash-ngram' --url 'http://localhost:8001' --endpoint-type 'chat' --streaming --tokenizer 'Qwen/Qwen3.6-27B' --synthetic-input-tokens-mean 12288 --synthetic-input-tokens-stddev 0 --output-tokens-mean 12288 --output-tokens-stddev 0 --extra-inputs 'temperature:0' --extra-inputs 'top_p:1.0' --extra-inputs 'top_k:1' --extra-inputs 'ignore_eos:true' --extra-inputs 'min_tokens:12288' --concurrency 1 --random-seed 42 --warmup-request-count 1 --request-count 5 --output-artifact-dir '/home/luke/Documents/Code/DFlash/benchmark/../artifacts/dflash_ngram/speed/isl12288_osl12288'"
  },
  "was_cancelled": false,
  "error_summary": [],
  "start_time": "2026-07-10T14:25:34.892596",
  "end_time": "2026-07-10T14:28:42.342539",
  "http_req_receiving": {
    "unit": "ms",
    "avg": 32641.02915,
    "p1": 29959.15054272,
    "p5": 30042.380637599996,
    "p10": 30146.4182562,
    "p25": 30458.531111999997,
    "p50": 33655.199244999996,
    "p75": 33674.135579,
    "p90": 34757.016308599996,
    "p95": 35117.9765518,
    "p99": 35406.74474636,
    "min": 29938.343019,
    "max": 35478.936795,
    "std": 2107.955392571507,
    "count": 5,
    "sum": 163205.14575
  },
  "http_req_chunks_received": {
    "unit": "count",
    "avg": 11282.4,
    "p1": 11125.2,
    "p5": 11146.0,
    "p10": 11172.0,
    "p25": 11250.0,
    "p50": 11265.0,
    "p75": 11371.0,
    "p90": 11392.0,
    "p95": 11399.0,
    "p99": 11404.6,
    "min": 11120.0,
    "max": 11406.0,
    "std": 100.84959097586861,
    "count": 5,
    "sum": 56412.0
  },
  "http_req_data_sent": {
    "unit": "KB",