{
  "schema_version": "1.3",
  "aiperf_version": "0.11.0",
  "benchmark_id": "3b609871181a",
  "request_throughput": {
    "unit": "requests/sec",
    "avg": 0.18970539670104386
  },
  "request_latency": {
    "unit": "ms",
    "avg": 5267.6569469,
    "p1": 3489.85070569,
    "p5": 4511.673897600001,
    "p10": 4791.237342699999,
    "p25": 5076.384344,
    "p50": 5349.5607375,
    "p75": 5622.50909425,
    "p90": 5823.8601565,
    "p95": 5911.3922416,
    "p99": 5963.275598699999,
    "min": 3105.618755,
    "max": 5965.898843,
    "std": 556.6235876705628,
    "count": 30,
    "sum": 158029.708407
  },
  "request_count": {
    "unit": "requests",
    "avg": 30.0
  },
  "time_to_first_token": {
    "unit": "ms",
    "avg": 353.87402489999994,
    "p1": 332.59426494999997,
    "p5": 335.31296495,
    "p10": 338.04878019999995,
    "p25": 342.445647,
    "p50": 350.790846,
    "p75": 363.36981275,
    "p90": 371.3200677,
    "p95": 385.69457499999993,
    "p99": 399.31828222,
    "min": 332.29067699999996,
    "max": 400.155652,
    "std": 16.37145767070855,
    "count": 30,
    "sum": 10616.220747
  },
  "time_to_second_token": {
    "unit": "ms",
    "avg": 30.044606133333332,
    "p1": 29.26826495,
    "p5": 29.312211199999997,
    "p10": 29.4002582,
    "p25": 29.573165,
    "p50": 29.8484885,
    "p75": 30.325690249999997,
    "p90": 30.8790138,
    "p95": 31.474946,
    "p99": 31.53202528,
    "min": 29.266102999999998,
    "max": 31.551156,
    "std": 0.636222749640655,
    "count": 30,
    "sum": 901.338184
  },
  "inter_token_latency": {
    "unit": "ms",
    "avg": 9.616013545988258,
    "p1": 6.120742087455968,
    "p5": 8.102528058708414,
    "p10": 8.667631231506848,
    "p25": 9.229187635029353,
    "p50": 9.767788853228964,
    "p75": 10.332521539138943,
    "p90": 10.69477961917808,
    "p95": 10.87556030880626,
    "p99": 10.999603215283756,
    "min": 5.396889794520547,
    "max": 11.002787160469667,
    "std": 1.0966411584773972,
    "count": 30,
    "sum": 288.4804063796478
  },
  "output_token_throughput": {
    "unit": "tokens/sec",
    "avg": 97.12916311093446
  },
  "output_token_throughput_per_user": {
    "unit": "tokens/sec/user",
    "avg": 105.87013420802,
    "p1": 90.91238889694766,
    "p5": 91.96215786725216,
    "p10": 93.50369861409696,
    "p25": 96.78395034154491,
    "p50": 102.38103170343177,
    "p75": 108.35431523602735,
    "p90": 115.38859484887843,
    "p95": 123.51871313820251,
    "p99": 168.29898584770527,
    "min": 90.88606235997695,
    "max": 185.29190664876984,
    "std": 17.02482640861431,
    "count": 30,
    "sum": 3176.1040262405995
  },
  "output_sequence_length": {
    "unit": "tokens",
    "avg": 512.0,
    "p1": 512.0,
    "p5": 512.0,
    "p10": 512.0,
    "p25": 512.0,
    "p50": 512.0,
    "p75": 512.0,
    "p90": 512.0,
    "p95": 512.0,
    "p99": 512.0,
    "min": 512.0,
    "max": 512.0,
    "std": 0.0,
    "count": 30,
    "sum": 15360.0
  },
  "input_sequence_length": {
    "unit": "tokens",
    "avg": 512.0,
    "p1": 512.0,
    "p5": 512.0,
    "p10": 512.0,
    "p25": 512.0,
    "p50": 512.0,
    "p75": 512.0,
    "p90": 512.0,
    "p95": 512.0,
    "p99": 512.0,
    "min": 512.0,
    "max": 512.0,
    "std": 0.0,
    "count": 30,
    "sum": 15360.0
  },
  "output_token_count": {
    "unit": "tokens",
    "avg": 512.0,
    "p1": 512.0,
    "p5": 512.0,
    "p10": 512.0,
    "p25": 512.0,
    "p50": 512.0,
    "p75": 512.0,
    "p90": 512.0,
    "p95": 512.0,
    "p99": 512.0,
    "min": 512.0,
    "max": 512.0,
    "std": 0.0,
    "count": 30,
    "sum": 15360.0
  },
  "inter_chunk_latency": {
    "unit": "ms",
    "avg": 9.765069399841018,
    "p1": 0.0,
    "p5": 0.0,
    "p10": 0.0,
    "p25": 0.0,
    "p50": 0.023298316078951473,
    "p75": 27.39458967857143,
    "p90": 28.103146023420816,
    "p95": 28.60412878792476,
    "p99": 30.580641718031735,
    "min": 0.0,
    "max": 85.416866,
    "std": 13.39586211108713,
    "count": 15096,
    "sum": 147413.48765999998
  },
  "total_output_tokens": {
    "unit": "tokens",
    "avg": 15360.0
  },
  "benchmark_duration": {
    "unit": "sec",
    "avg": 158.13993972600002
  },
  "total_isl": {
    "unit": "tokens",
    "avg": 15360.0
  },
  "total_osl": {
    "unit": "tokens",
    "avg": 15360.0
  },
  "telemetry_data": {
    "summary": {
      "endpoints_configured": [],
      "endpoints_successful": [],
      "start_time": "2026-07-05T21:20:27.787712",
      "end_time": "2026-07-05T21:23:07.935070"
    },
    "endpoints": {},
    "error_summary": []
  },
  "input_config": {
    "models": {
      "items": [
        {
          "name": "qwen36-dflash15"
        }
      ]
    },
    "endpoint": {
      "urls": [
        "http://localhost:8001"
      ],
      "type": "chat",
      "streaming": true,
      "extra": {
        "temperature": 0,
        "top_p": 1.0,
        "top_k": 1,
        "ignore_eos": true,
        "min_tokens": 512
      }
    },
    "datasets": [
      {
        "name": "main",
        "type": "synthetic",
        "entries": 30,
        "random_seed": 42,
        "prompts": {
          "isl": {
            "mean": 512.0,
            "stddev": 0.0
          },
          "osl": {
            "mean": 512.0,
            "stddev": 0.0
          }
        }
      }
    ],
    "phases": [
      {
        "name": "warmup",
        "type": "concurrency",
        "exclude_from_results": true,
        "requests": 2,
        "concurrency": 1
      },
      {
        "name": "profiling",
        "type": "concurrency",
        "requests": 30,
        "concurrency": 1
      }
    ],
    "artifacts": {
      "dir": "/home/luke/Documents/Code/DFlash/artifacts/dflash/speed/isl512_osl512",
      "records": [
        "jsonl"
      ],
      "auto_plot": false,
      "plot_required": false
    },
    "tokenizer": {
      "name": "Qwen/Qwen3.6-27B"
    },
    "gpu_telemetry": {
      "enabled": true
    },
    "server_metrics": {
      "enabled": true,
      "urls": [],
      "formats": [
        "json",
        "csv"
      ]
    },
    "network_latency": {
      "enabled": false
    },
    "otel": {},
    "mlflow": {},
    "wandb": {}
  },
  "run_info": {
    "benchmark_id": "3b609871181a",
    "random_seed": 42,
    "trial": 0,
    "cli_command": "aiperf profile --model 'qwen36-dflash15' --url 'http://localhost:8001' --endpoint-type 'chat' --streaming --tokenizer 'Qwen/Qwen3.6-27B' --synthetic-input-tokens-mean 512 --synthetic-input-tokens-stddev 0 --output-tokens-mean 512 --output-tokens-stddev 0 --extra-inputs 'temperature:0' --extra-inputs 'top_p:1.0' --extra-inputs 'top_k:1' --extra-inputs 'ignore_eos:true' --extra-inputs 'min_tokens:512' --concurrency 1 --random-seed 42 --warmup-request-count 2 --request-count 30 --output-artifact-dir '/home/luke/Documents/Code/DFlash/benchmark/../artifacts/dflash/speed/isl512_osl512'"
  },
  "was_cancelled": false,
  "error_summary": [],
  "start_time": "2026-07-05T21:20:27.787712",
  "end_time": "2026-07-05T21:23:05.931093",
  "http_req_receiving": {
    "unit": "ms",
    "avg": 4913.8577201,
    "p1": 3127.790447,
    "p5": 4140.4737374999995,
    "p10": 4429.2477083,
    "p25": 4716.15241675,
    "p50": 4991.3869095,
    "p75": 5280.02102975,
    "p90": 5465.1301354,
    "p95": 5557.52147325,
    "p99": 5620.88527622,
    "min": 2757.903886,
    "max": 5622.5000199999995,
    "std": 560.3846122747083,
    "count": 30,
    "sum": 147415.731603
  },
  "http_req_waiting": {
    "unit": "ms",
    "avg": 353.47582356666663,
    "p1": 332.23223025,
    "p5": 334.934392,
    "p10": 337.6713471,
    "p25": 342.0611065,
    "p50": 350.40662299999997,
    "p75": 362.97412225,
    "p90": 370.7066491,
    "p95": 385.25916549999994,
    "p99": 398.80308900999995,
    "min": 331.927955,
    "max": 399.603208,
    "std": 16.335646406996474,
    "count": 30,
    "sum": 10604.274706999999
  },
  "http_req_data_received": {
    "unit": "KB",
    "avg": 123.491015625,
    "p1": 86.80228515625,