{
  "schema_version": "1.3",
  "aiperf_version": "0.11.0",
  "benchmark_id": "aacbd2fbea60",
  "request_throughput": {
    "unit": "requests/sec",
    "avg": 0.18943503834922384
  },
  "request_latency": {
    "unit": "ms",
    "avg": 5275.1625341,
    "p1": 3538.10368406,
    "p5": 4488.46332925,
    "p10": 4839.4063063,
    "p25": 5073.614429,
    "p50": 5306.686581999999,
    "p75": 5692.6322092499995,
    "p90": 5811.2034957999995,
    "p95": 6006.181221849999,
    "p99": 6081.11658982,
    "min": 3157.9265849999997,
    "max": 6104.809834,
    "std": 563.9494001092418,
    "count": 30,
    "sum": 158254.876023
  },
  "request_count": {
    "unit": "requests",
    "avg": 30.0
  },
  "time_to_first_token": {
    "unit": "ms",
    "avg": 341.9082446666667,
    "p1": 319.50963091,
    "p5": 323.71592795,
    "p10": 324.8151553,
    "p25": 330.698576,
    "p50": 341.723216,
    "p75": 348.4878655,
    "p90": 359.5019488,
    "p95": 362.06361284999997,
    "p99": 365.20361099,
    "min": 317.962284,
    "max": 365.84180499999997,
    "std": 12.781953939955457,
    "count": 30,
    "sum": 10257.24734
  },
  "time_to_second_token": {
    "unit": "ms",
    "avg": 30.236672533333333,
    "p1": 28.127274609999997,
    "p5": 28.168249899999996,
    "p10": 28.243447999999997,
    "p25": 28.838673,
    "p50": 29.7454435,
    "p75": 31.569620999999998,
    "p90": 32.5026851,
    "p95": 32.6336266,
    "p99": 33.864796240000004,
    "min": 28.119442,
    "max": 34.342816,
    "std": 1.6689404531521537,
    "count": 30,
    "sum": 907.1001759999999
  },
  "inter_token_latency": {
    "unit": "ms",
    "avg": 9.654117983235485,
    "p1": 6.235380516007828,
    "p5": 8.109100297945204,
    "p10": 8.781119239530332,
    "p25": 9.273852224070449,
    "p50": 9.714936542074364,
    "p75": 10.474404660469666,
    "p90": 10.706153139530333,
    "p95": 11.074131098043052,
    "p99": 11.239112189608608,
    "min": 5.497474669275929,
    "max": 11.286917616438355,
    "std": 1.1084680546038161,
    "count": 30,
    "sum": 289.6235394970646
  },
  "output_token_throughput": {
    "unit": "tokens/sec",
    "avg": 96.99073963480261
  },
  "output_token_throughput_per_user": {
    "unit": "tokens/sec/user",
    "avg": 105.42463276311216,
    "p1": 88.97896508786334,
    "p5": 90.30260873372397,
    "p10": 93.41268132995897,
    "p25": 95.47094121362736,
    "p50": 102.93428600027687,
    "p75": 107.83017580103063,
    "p90": 113.94147897095753,
    "p95": 123.32855169803959,
    "p99": 165.2109904581101,
    "min": 88.59814822636714,
    "max": 181.90170217404744,
    "std": 16.612316500743358,
    "count": 30,
    "sum": 3162.7389828933647
  },
  "output_sequence_length": {
    "unit": "tokens",
    "avg": 512.0,
    "p1": 512.0,
    "p5": 512.0,
    "p10": 512.0,
    "p25": 512.0,
    "p50": 512.0,
    "p75": 512.0,
    "p90": 512.0,
    "p95": 512.0,
    "p99": 512.0,
    "min": 512.0,
    "max": 512.0,
    "std": 0.0,
    "count": 30,
    "sum": 15360.0
  },
  "input_sequence_length": {
    "unit": "tokens",
    "avg": 512.0,
    "p1": 512.0,
    "p5": 512.0,
    "p10": 512.0,
    "p25": 512.0,
    "p50": 512.0,
    "p75": 512.0,
    "p90": 512.0,
    "p95": 512.0,
    "p99": 512.0,
    "min": 512.0,
    "max": 512.0,
    "std": 0.0,
    "count": 30,
    "sum": 15360.0
  },
  "output_token_count": {
    "unit": "tokens",
    "avg": 512.0,
    "p1": 512.0,
    "p5": 512.0,
    "p10": 512.0,
    "p25": 512.0,
    "p50": 512.0,
    "p75": 512.0,
    "p90": 512.0,
    "p95": 512.0,
    "p99": 512.0,
    "min": 512.0,
    "max": 512.0,
    "std": 0.0,
    "count": 30,
    "sum": 15360.0
  },
  "inter_chunk_latency": {
    "unit": "ms",
    "avg": 9.803764486155274,
    "p1": 0.0,
    "p5": 0.0,
    "p10": 0.0,
    "p25": 0.0,
    "p50": 0.024959782666666666,
    "p75": 26.70838911764706,
    "p90": 29.09294946927655,
    "p95": 29.85676634319526,
    "p99": 31.905426582222205,
    "min": 0.0,
    "max": 78.700706,
    "std": 13.460444818996558,
    "count": 15096,
    "sum": 147997.628683
  },
  "total_output_tokens": {
    "unit": "tokens",
    "avg": 15360.0
  },
  "benchmark_duration": {
    "unit": "sec",
    "avg": 158.36563426400002
  },
  "total_isl": {
    "unit": "tokens",
    "avg": 15360.0
  },
  "total_osl": {
    "unit": "tokens",
    "avg": 15360.0
  },
  "telemetry_data": {
    "summary": {
      "endpoints_configured": [],
      "endpoints_successful": [],
      "start_time": "2026-07-15T10:50:59.415035",
      "end_time": "2026-07-15T10:53:39.787056"
    },
    "endpoints": {},
    "error_summary": []
  },
  "input_config": {
    "models": {
      "items": [
        {
          "name": "qwen36-dflash15"
        }
      ]
    },
    "endpoint": {
      "urls": [
        "http://localhost:8001"
      ],
      "type": "chat",
      "streaming": true,
      "extra": {
        "temperature": 0,
        "top_p": 1.0,
        "top_k": 1,
        "ignore_eos": true,
        "min_tokens": 512
      }
    },
    "datasets": [
      {
        "name": "main",
        "type": "synthetic",
        "entries": 30,
        "random_seed": 42,
        "prompts": {
          "isl": {
            "mean": 512.0,
            "stddev": 0.0
          },
          "osl": {
            "mean": 512.0,
            "stddev": 0.0
          }
        }
      }
    ],
    "phases": [
      {
        "name": "warmup",
        "type": "concurrency",
        "exclude_from_results": true,
        "requests": 2,
        "concurrency": 1
      },
      {
        "name": "profiling",
        "type": "concurrency",
        "requests": 30,
        "concurrency": 1
      }
    ],
    "artifacts": {
      "dir": "/home/luke/Documents/Code/DFlash/artifacts/dflash/speed/isl512_osl512",
      "records": [
        "jsonl"
      ],
      "auto_plot": false,
      "plot_required": false
    },
    "tokenizer": {
      "name": "Qwen/Qwen3.6-27B"
    },
    "gpu_telemetry": {
      "enabled": true
    },
    "server_metrics": {
      "enabled": true,
      "urls": [],
      "formats": [
        "json",
        "csv"
      ]
    },
    "network_latency": {
      "enabled": false
    },
    "otel": {},
    "mlflow": {},
    "wandb": {}
  },
  "run_info": {
    "benchmark_id": "aacbd2fbea60",
    "random_seed": 42,
    "trial": 0,
    "cli_command": "aiperf profile --model 'qwen36-dflash15' --url 'http://localhost:8001' --endpoint-type 'chat' --streaming --tokenizer 'Qwen/Qwen3.6-27B' --synthetic-input-tokens-mean 512 --synthetic-input-tokens-stddev 0 --output-tokens-mean 512 --output-tokens-stddev 0 --extra-inputs 'temperature:0' --extra-inputs 'top_p:1.0' --extra-inputs 'top_k:1' --extra-inputs 'ignore_eos:true' --extra-inputs 'min_tokens:512' --concurrency 1 --random-seed 42 --warmup-request-count 2 --request-count 30 --output-artifact-dir '/home/luke/Documents/Code/DFlash/benchmark/../artifacts/dflash/speed/isl512_osl512'"
  },
  "was_cancelled": false,
  "error_summary": [],
  "start_time": "2026-07-15T10:50:59.415035",
  "end_time": "2026-07-15T10:53:37.784054",
  "http_req_chunks_received": {
    "unit": "count",
    "avg": 337.76666666666665,
    "p1": 252.25,
    "p5": 272.7,
    "p10": 283.2,
    "p25": 311.5,
    "p50": 329.5,
    "p75": 351.5,
    "p90": 409.90000000000003,
    "p95": 429.54999999999995,
    "p99": 464.56000000000006,
    "min": 245.0,
    "max": 475.0,
    "std": 49.60287850070352,
    "count": 30,
    "sum": 10133.0
  },
  "http_req_connecting": {
    "unit": "ms",
    "avg": 0.23340236666666667,
    "p1": 0.21010071,
    "p5": 0.21127295000000001,
    "p10": 0.21262409999999998,
    "p25": 0.22187925,
    "p50": 0.22847599999999998,
    "p75": 0.23543424999999998,
    "p90": 0.25107589999999996,
    "p95": 0.2815345499999999,
    "p99": 0.3299282,
    "min": 0.209782,
    "max": 0.341302,
    "std": 0.02642714306350364,
    "count": 30,
    "sum": 7.002071
  },
  "http_req_receiving": {
    "unit": "ms",
    "avg": 4933.334484933333,
    "p1": 3186.3494933899997,