{
  "schema_version": "1.3",
  "aiperf_version": "0.11.0",
  "benchmark_id": "cfb4d2b7d2e6",
  "request_throughput": {
    "unit": "requests/sec",
    "avg": 0.008971320680858362
  },
  "request_latency": {
    "unit": "ms",
    "avg": 111408.91303535293,
    "p1": 13576.3343072,
    "p5": 15936.234820849999,
    "p10": 17496.9214343,
    "p25": 27153.21341425,
    "p50": 60811.6245545,
    "p75": 160813.89287675,
    "p90": 312399.16194749996,
    "p95": 379243.79267359996,
    "p99": 467171.95037236996,
    "min": 12692.713745,
    "max": 467306.552561,
    "std": 124412.84976077893,
    "count": 68,
    "sum": 7575806.0864039995
  },
  "request_count": {
    "unit": "requests",
    "avg": 68.0
  },
  "time_to_first_token": {
    "unit": "ms",
    "avg": 287.7301699705882,
    "p1": 156.12589830000002,
    "p5": 162.63032665,
    "p10": 171.6980906,
    "p25": 192.62301324999999,
    "p50": 226.8065335,
    "p75": 340.863919,
    "p90": 537.314387,
    "p95": 610.881756,
    "p99": 688.91544847,
    "min": 153.226748,
    "max": 701.274107,
    "std": 144.733862589946,
    "count": 68,
    "sum": 19565.651557999998
  },
  "time_to_second_token": {
    "unit": "ms",
    "avg": 14.824287323529411,
    "p1": 14.5626478,
    "p5": 14.610562349999999,
    "p10": 14.6235318,
    "p25": 14.67420975,
    "p50": 14.731504999999999,
    "p75": 14.836666,
    "p90": 15.224317099999999,
    "p95": 15.463849399999999,
    "p99": 15.766069169999998,
    "min": 14.548618,
    "max": 16.19584,
    "std": 0.2813609233151403,
    "count": 68,
    "sum": 1008.0515379999999
  },
  "inter_token_latency": {
    "unit": "ms",
    "avg": 13.780734575485257,
    "p1": 13.553202878762573,
    "p5": 13.556266346588082,
    "p10": 13.558384122936939,
    "p25": 13.56515138566417,
    "p50": 13.624124101824373,
    "p75": 13.951256359110063,
    "p90": 14.246275537968076,
    "p95": 14.306940096288878,
    "p99": 14.42374573216865,
    "min": 13.550591144012945,
    "max": 14.425192456405693,
    "std": 0.2769078115433153,
    "count": 68,
    "sum": 937.0899511329975
  },
  "output_token_throughput": {
    "unit": "tokens/sec",
    "avg": 71.37226519487409
  },
  "output_token_throughput_per_user": {
    "unit": "tokens/sec/user",
    "avg": 72.5937937834778,
    "p1": 69.33011878631608,
    "p5": 69.89621949578725,
    "p10": 70.19378586543056,
    "p25": 71.67865827446384,
    "p50": 73.39921411550455,
    "p75": 73.71830742759317,
    "p90": 73.75510204379505,
    "p95": 73.76662383523319,
    "p99": 73.78329884360717,
    "min": 69.32316522099066,
    "max": 73.79751845304769,
    "std": 1.429512061210827,
    "count": 68,
    "sum": 4936.377977276492
  },
  "output_sequence_length": {
    "unit": "tokens",
    "avg": 7955.60294117647,
    "p1": 937.09,
    "p5": 1132.95,
    "p10": 1276.7,
    "p25": 1990.75,
    "p50": 4452.0,
    "p75": 11249.25,
    "p90": 22237.600000000002,
    "p95": 26832.0,
    "p99": 32768.0,
    "min": 919.0,
    "max": 32768.0,
    "std": 8762.485671952212,
    "count": 68,
    "sum": 540981.0
  },
  "input_sequence_length": {
    "unit": "tokens",
    "avg": 64.27941176470588,
    "p1": 11.34,
    "p5": 14.7,
    "p10": 19.7,
    "p25": 28.75,
    "p50": 47.5,
    "p75": 78.25,
    "p90": 124.9,
    "p95": 175.94999999999996,
    "p99": 271.20999999999975,
    "min": 10.0,
    "max": 363.0,
    "std": 57.8824482154883,
    "count": 68,
    "sum": 4371.0
  },
  "output_token_count": {
    "unit": "tokens",
    "avg": 487.3538461538462,
    "p1": 131.92,
    "p5": 162.8,
    "p10": 212.2,
    "p25": 275.0,
    "p50": 484.0,
    "p75": 634.0,
    "p90": 797.0,
    "p95": 923.8,
    "p99": 958.48,
    "min": 114.0,
    "max": 986.0,
    "std": 226.1000752402985,
    "count": 65,
    "sum": 31678.0
  },
  "reasoning_token_count": {
    "unit": "tokens",
    "avg": 7489.75,
    "p1": 778.06,
    "p5": 935.55,
    "p10": 1041.8,
    "p25": 1761.0,
    "p50": 3764.5,
    "p75": 10360.75,
    "p90": 21517.2,
    "p95": 26061.9,
    "p99": 32768.0,
    "min": 766.0,
    "max": 32768.0,
    "std": 8742.181430174522,
    "count": 68,
    "sum": 509303.0
  },
  "inter_chunk_latency": {
    "unit": "ms",
    "avg": 13.970090674847057,
    "p1": 13.459126594591389,
    "p5": 13.496634222159216,
    "p10": 13.520178913062534,
    "p25": 13.600635751033384,
    "p50": 13.859093872417134,
    "p75": 14.22308282561559,
    "p90": 14.567906735519466,
    "p95": 14.772233622199387,
    "p99": 15.229378766155303,
    "min": 13.271170999999999,
    "max": 46.06312,
    "std": 0.5468110589339081,
    "count": 540887,
    "sum": 7556240.434846
  },
  "total_output_tokens": {
    "unit": "tokens",
    "avg": 31678.0
  },
  "total_reasoning_tokens": {
    "unit": "tokens",
    "avg": 509303.0
  },
  "benchmark_duration": {
    "unit": "sec",
    "avg": 7579.708988119
  },
  "total_isl": {
    "unit": "tokens",
    "avg": 4371.0
  },
  "total_osl": {
    "unit": "tokens",
    "avg": 540981.0
  },
  "error_request_count": {
    "unit": "requests",
    "avg": 132.0
  },
  "error_isl": {
    "unit": "tokens",
    "avg": 75.0,
    "p1": 14.31,
    "p5": 18.55,
    "p10": 22.0,
    "p25": 30.0,
    "p50": 49.0,
    "p75": 77.5,
    "p90": 153.00000000000006,
    "p95": 223.89999999999998,
    "p99": 454.0099999999997,
    "min": 8.0,
    "max": 694.0,
    "std": 90.41721477281153,
    "count": 132,
    "sum": 9900.0
  },
  "total_error_isl": {
    "unit": "tokens",
    "avg": 9900.0
  },
  "telemetry_data": {
    "summary": {
      "endpoints_configured": [],
      "endpoints_successful": [],
      "start_time": "2026-07-05T15:02:52.640089",
      "end_time": "2026-07-05T17:12:25.915829"
    },
    "endpoints": {},
    "error_summary": []
  },
  "input_config": {
    "models": {
      "items": [
        {
          "name": "qwen3.6-27B"
        }
      ]
    },
    "endpoint": {
      "urls": [
        "http://localhost:8000"
      ],
      "type": "chat",
      "streaming": true,
      "extra": {
        "temperature": 0,
        "top_p": 1.0,
        "top_k": 1
      }
    },
    "datasets": [
      {
        "name": "main",
        "type": "synthetic",
        "entries": 200,
        "random_seed": 42,
        "sampling": "sequential",
        "prompts": {
          "isl": {
            "mean": 550.0
          }
        }
      }
    ],
    "phases": [
      {
        "name": "profiling",
        "type": "concurrency",
        "requests": 200,
        "concurrency": 1
      }
    ],
    "artifacts": {
      "dir": "/home/luke/Documents/Code/DFlash/artifacts/base/accuracy/math_500",
      "records": [
        "jsonl"
      ],
      "auto_plot": false,
      "plot_required": false
    },
    "tokenizer": {
      "name": "Qwen/Qwen3.6-27B"
    },
    "gpu_telemetry": {
      "enabled": true
    },
    "server_metrics": {
      "enabled": true,
      "urls": [],
      "formats": [
        "json",
        "csv"
      ]
    },
    "network_latency": {
      "enabled": false
    },
    "otel": {},
    "mlflow": {},
    "wandb": {},
    "accuracy": {
      "benchmark": "math_500"
    }
  },
  "run_info": {
    "benchmark_id": "cfb4d2b7d2e6",
    "random_seed": 42,
    "trial": 0,
    "cli_command": "aiperf profile --model 'qwen3.6-27B' --url 'http://localhost:8000' --endpoint-type 'chat' --streaming --tokenizer 'Qwen/Qwen3.6-27B' --accuracy-benchmark 'math_500' --num-dataset-entries 200 --dataset-sampling-strategy 'sequential' --request-count 200 --concurrency 1 --random-seed 42 --extra-inputs 'temperature:0' --extra-inputs 'top_p:1.0' --extra-inputs 'top_k:1' --output-artifact-dir '/home/luke/Documents/Code/DFlash/benchmark/../artifacts/base/accuracy/math_500'"
  },
  "was_cancelled": false,
  "error_summary": [
    {
      "error_details": {
        "type": "ClientOSError",
        "message": "ClientOSError(None, 'Can not write request body for http://localhost:8000/v1/chat/completions')",
        "cause": "ClientConnectionResetError('Cannot write to closing transport')",