{
  "schema_version": "1.3",
  "aiperf_version": "0.11.0",
  "benchmark_id": "4da18f2777a3",
  "request_throughput": {
    "unit": "requests/sec",
    "avg": 0.0608534551026668
  },
  "request_latency": {
    "unit": "ms",
    "avg": 16411.745476154,
    "p1": 3416.08932598,
    "p5": 4121.2187684,
    "p10": 4994.1185651000005,
    "p25": 7059.6275507499995,
    "p50": 11118.207473999999,
    "p75": 17918.948216999997,
    "p90": 31920.09993330004,
    "p95": 46795.46015894998,
    "p99": 102334.07561531999,
    "min": 1731.444872,
    "max": 128448.870531,
    "std": 17431.658353355673,
    "count": 500,
    "sum": 8205872.738077
  },
  "request_count": {
    "unit": "requests",
    "avg": 500.0
  },
  "time_to_first_token": {
    "unit": "ms",
    "avg": 173.55591675,
    "p1": 144.57784258,
    "p5": 149.9260789,
    "p10": 152.5996663,
    "p25": 157.84425075,
    "p50": 166.20708299999998,
    "p75": 179.129165,
    "p90": 202.3693761,
    "p95": 221.81362829999998,
    "p99": 293.0744752399999,
    "min": 141.70520399999998,
    "max": 338.420474,
    "std": 27.058018887621763,
    "count": 500,
    "sum": 86777.958375
  },
  "time_to_second_token": {
    "unit": "ms",
    "avg": 14.893950941999998,
    "p1": 14.4978824,
    "p5": 14.5326574,
    "p10": 14.566804,
    "p25": 14.633391,
    "p50": 14.715093999999999,
    "p75": 14.965968499999999,
    "p90": 15.653273599999999,
    "p95": 15.84579955,
    "p99": 16.220532539999997,
    "min": 14.265039,
    "max": 17.441627999999998,
    "std": 0.42972999251271093,
    "count": 500,
    "sum": 7446.975471
  },
  "inter_token_latency": {
    "unit": "ms",
    "avg": 13.685859027425682,
    "p1": 13.52259291886001,
    "p5": 13.53013140225219,
    "p10": 13.55173682586515,
    "p25": 13.688966744287175,
    "p50": 13.6961823129423,
    "p75": 13.705590367151672,
    "p90": 13.721905841972578,
    "p95": 13.745138199441602,
    "p99": 13.838592598336248,
    "min": 13.52016264189189,
    "max": 13.922306818371606,
    "std": 0.06178261793065176,
    "count": 500,
    "sum": 6842.929513712842
  },
  "output_token_throughput": {
    "unit": "tokens/sec",
    "avg": 72.11633427997857
  },
  "output_token_throughput_per_user": {
    "unit": "tokens/sec/user",
    "avg": 73.06961682572505,
    "p1": 72.26168810062926,
    "p5": 72.75299713531811,
    "p10": 72.87617418773708,
    "p25": 72.96292777053912,
    "p50": 73.01304678567737,
    "p75": 73.05153257297455,
    "p90": 73.79127952033845,
    "p95": 73.90911220815174,
    "p99": 73.95031456368513,
    "min": 71.82717728073766,
    "max": 73.96360727951041,
    "std": 0.33141863441651287,
    "count": 500,
    "sum": 36534.80841286252
  },
  "output_sequence_length": {
    "unit": "tokens",
    "avg": 1185.082,
    "p1": 238.96,
    "p5": 289.70000000000005,
    "p10": 357.6,
    "p25": 503.75,
    "p50": 801.5,
    "p75": 1295.0,
    "p90": 2313.200000000002,
    "p95": 3393.199999999999,
    "p99": 7384.82,
    "min": 115.0,
    "max": 9229.0,
    "std": 1262.1125224305479,
    "count": 500,
    "sum": 592541.0
  },
  "input_sequence_length": {
    "unit": "tokens",
    "avg": 72.304,
    "p1": 12.99,
    "p5": 19.0,
    "p10": 22.0,
    "p25": 33.0,
    "p50": 50.0,
    "p75": 78.0,
    "p90": 143.10000000000002,
    "p95": 215.0,
    "p99": 363.02,
    "min": 8.0,
    "max": 831.0,
    "std": 80.5246023523246,
    "count": 500,
    "sum": 36152.0
  },
  "output_token_count": {
    "unit": "tokens",
    "avg": 1185.082,
    "p1": 238.96,
    "p5": 289.70000000000005,
    "p10": 357.6,
    "p25": 503.75,
    "p50": 801.5,
    "p75": 1295.0,
    "p90": 2313.200000000002,
    "p95": 3393.199999999999,
    "p99": 7384.82,
    "min": 115.0,
    "max": 9229.0,
    "std": 1262.1125224305479,
    "count": 500,
    "sum": 592541.0
  },
  "inter_chunk_latency": {
    "unit": "ms",
    "avg": 13.713737358902508,
    "p1": 13.411119454964604,
    "p5": 13.44036515692917,
    "p10": 13.456378898614902,
    "p25": 13.480755153628031,
    "p50": 13.520610496575937,
    "p75": 13.69630648812538,
    "p90": 14.354212704732646,
    "p95": 14.760529259166976,
    "p99": 15.169884599381213,
    "min": 13.264244,
    "max": 26.629483,
    "std": 0.47921643627319854,
    "count": 592041,
    "sum": 8119094.779701999
  },
  "total_output_tokens": {
    "unit": "tokens",
    "avg": 592541.0
  },
  "benchmark_duration": {
    "unit": "sec",
    "avg": 8216.460333377001
  },
  "total_isl": {
    "unit": "tokens",
    "avg": 36152.0
  },
  "total_osl": {
    "unit": "tokens",
    "avg": 592541.0
  },
  "telemetry_data": {
    "summary": {
      "endpoints_configured": [],
      "endpoints_successful": [],
      "start_time": "2026-07-09T22:52:57.054180",
      "end_time": "2026-07-10T01:09:55.536655"
    },
    "endpoints": {},
    "error_summary": []
  },
  "input_config": {
    "models": {
      "items": [
        {
          "name": "qwen3.6-27B"
        }
      ]
    },
    "endpoint": {
      "urls": [
        "http://localhost:8000"
      ],
      "type": "chat",
      "streaming": true,
      "extra": {
        "temperature": 0,
        "top_p": 1.0,
        "top_k": 1
      }
    },
    "datasets": [
      {
        "name": "main",
        "type": "synthetic",
        "entries": 500,
        "random_seed": 42,
        "sampling": "sequential",
        "prompts": {
          "isl": {
            "mean": 550.0
          }
        }
      }
    ],
    "phases": [
      {
        "name": "profiling",
        "type": "concurrency",
        "requests": 500,
        "concurrency": 1
      }
    ],
    "artifacts": {
      "dir": "/home/luke/Documents/Code/DFlash/artifacts/base/accuracy/math_500",
      "records": [
        "jsonl"
      ],
      "auto_plot": false,
      "plot_required": false
    },
    "tokenizer": {
      "name": "Qwen/Qwen3.6-27B"
    },
    "gpu_telemetry": {
      "enabled": true
    },
    "server_metrics": {
      "enabled": true,
      "urls": [],
      "formats": [
        "json",
        "csv"
      ]
    },
    "network_latency": {
      "enabled": false
    },
    "otel": {},
    "mlflow": {},
    "wandb": {},
    "accuracy": {
      "benchmark": "math_500"
    }
  },
  "run_info": {
    "benchmark_id": "4da18f2777a3",
    "random_seed": 42,
    "trial": 0,
    "cli_command": "aiperf profile --model 'qwen3.6-27B' --url 'http://localhost:8000' --endpoint-type 'chat' --streaming --tokenizer 'Qwen/Qwen3.6-27B' --accuracy-benchmark 'math_500' --num-dataset-entries 500 --dataset-sampling-strategy 'sequential' --request-count 500 --concurrency 1 --random-seed 42 --extra-inputs 'temperature:0' --extra-inputs 'top_p:1.0' --extra-inputs 'top_k:1' --output-artifact-dir '/home/luke/Documents/Code/DFlash/benchmark/../artifacts/base/accuracy/math_500'"
  },
  "was_cancelled": false,
  "error_summary": [],
  "start_time": "2026-07-09T22:52:57.054180",
  "end_time": "2026-07-10T01:09:53.533849",
  "http_req_connection_reused": {
    "unit": "ratio",
    "avg": 0.0,
    "p1": 0.0,
    "p5": 0.0,
    "p10": 0.0,
    "p25": 0.0,
    "p50": 0.0,
    "p75": 0.0,
    "p90": 0.0,
    "p95": 0.0,
    "p99": 0.0,
    "min": 0.0,
    "max": 0.0,
    "std": 0.0,
    "count": 500,
    "sum": 0.0
  },
  "http_req_waiting": {
    "unit": "ms",
    "avg": 173.17582695599998,
    "p1": 144.22853784999998,
    "p5": 149.57520515,
    "p10": 152.2333394,
    "p25": 157.4696755,
    "p50": 165.8333385,
    "p75": 178.7686085,
    "p90": 202.00416239999998,
    "p95": 221.44025184999995,
    "p99": 292.68489691999997,
    "min": 141.358072,
    "max": 338.042303,
    "std": 27.04751074857849,
    "count": 500,
    "sum": 86587.913478
  },
  "http_req_connecting": {
    "unit": "ms",
    "avg": 0.232379328,
    "p1": 0.20442531,
    "p5": 0.20778139999999998,
    "p10": 0.2103347,
    "p25": 0.21457374999999998,
    "p50": 0.2213075,
    "p75": 0.229986,
    "p90": 0.2569259,
    "p95": 0.3336892499999997,
    "p99": 0.3706850999999999,
    "min": 0.20062,