{
  "schema_version": "1.3",
  "aiperf_version": "0.11.0",
  "benchmark_id": "29e7ff9b4708",
  "request_throughput": {
    "unit": "requests/sec",
    "avg": 0.00527219392383603
  },
  "request_latency": {
    "unit": "ms",
    "avg": 189617.6806522,
    "p1": 188780.14017244,
    "p5": 188930.3399902,
    "p10": 189118.0897624,
    "p25": 189681.339079,
    "p50": 189720.84616,
    "p75": 189863.78297499998,
    "p90": 189993.42008739998,
    "p95": 190036.6324582,
    "p99": 190071.20235483997,
    "min": 188742.590218,
    "max": 190079.84482899998,
    "std": 459.26917269405413,
    "count": 5,
    "sum": 948088.4032609999
  },
  "request_count": {
    "unit": "requests",
    "avg": 5.0
  },
  "time_to_first_token": {
    "unit": "ms",
    "avg": 3994.1768364,
    "p1": 3286.2500053999997,
    "p5": 3428.928383,
    "p10": 3607.276355,
    "p25": 4142.320271,
    "p50": 4176.439862,
    "p75": 4185.409607,
    "p90": 4203.8442614,
    "p95": 4209.9891462,
    "p99": 4214.905054039999,
    "min": 3250.580411,
    "max": 4216.134031,
    "std": 372.5417829907574,
    "count": 5,
    "sum": 19970.884181999998
  },
  "time_to_second_token": {
    "unit": "ms",
    "avg": 16.4333276,
    "p1": 15.9370374,
    "p5": 15.949034999999999,
    "p10": 15.964032,
    "p25": 16.009023,
    "p50": 16.40488,
    "p75": 16.585636,
    "p90": 16.974090999999998,
    "p95": 17.103576,
    "p99": 17.207164,
    "min": 15.934038,
    "max": 17.233061,
    "std": 0.46752649635741494,
    "count": 5,
    "sum": 82.16663799999999
  },
  "inter_token_latency": {
    "unit": "ms",
    "avg": 15.10730884803451,
    "p1": 15.09664831935216,
    "p5": 15.09681372763083,
    "p10": 15.097020487979165,
    "p25": 15.097640769024173,
    "p50": 15.097655995523724,
    "p75": 15.115281411573207,
    "p90": 15.123728022690647,
    "p95": 15.126543559729795,
    "p99": 15.128795989361114,
    "min": 15.096606967282494,
    "max": 15.129359096768942,
    "std": 0.013045725764436465,
    "count": 5,
    "sum": 75.53654424017255
  },
  "output_token_throughput": {
    "unit": "tokens/sec",
    "avg": 64.78471893609714
  },
  "output_token_throughput_per_user": {
    "unit": "tokens/sec/user",
    "avg": 66.1931754544319,
    "p1": 66.09911548686364,
    "p5": 66.10896499319719,
    "p10": 66.12127687611411,
    "p25": 66.1582125248649,
    "p50": 66.23544742948759,
    "p75": 66.23551423025641,
    "p90": 66.23823567846476,
    "p95": 66.23914282786755,
    "p99": 66.23986854738978,
    "min": 66.09665311028026,
    "max": 66.24004997727033,
    "std": 0.05712386903772126,
    "count": 5,
    "sum": 330.9658772721595
  },
  "output_sequence_length": {
    "unit": "tokens",
    "avg": 12288.0,
    "p1": 12288.0,
    "p5": 12288.0,
    "p10": 12288.0,
    "p25": 12288.0,
    "p50": 12288.0,
    "p75": 12288.0,
    "p90": 12288.0,
    "p95": 12288.0,
    "p99": 12288.0,
    "min": 12288.0,
    "max": 12288.0,
    "std": 0.0,
    "count": 5,
    "sum": 61440.0
  },
  "input_sequence_length": {
    "unit": "tokens",
    "avg": 12288.0,
    "p1": 12288.0,
    "p5": 12288.0,
    "p10": 12288.0,
    "p25": 12288.0,
    "p50": 12288.0,
    "p75": 12288.0,
    "p90": 12288.0,
    "p95": 12288.0,
    "p99": 12288.0,
    "min": 12288.0,
    "max": 12288.0,
    "std": 0.0,
    "count": 5,
    "sum": 61440.0
  },
  "output_token_count": {
    "unit": "tokens",
    "avg": 12288.0,
    "p1": 12288.0,
    "p5": 12288.0,
    "p10": 12288.0,
    "p25": 12288.0,
    "p50": 12288.0,
    "p75": 12288.0,
    "p90": 12288.0,
    "p95": 12288.0,
    "p99": 12288.0,
    "min": 12288.0,
    "max": 12288.0,
    "std": 0.0,
    "count": 5,
    "sum": 61440.0
  },
  "inter_chunk_latency": {
    "unit": "ms",
    "avg": 15.14601519434381,
    "p1": 14.585384198161893,
    "p5": 14.680900543082974,
    "p10": 14.75234851401583,
    "p25": 14.897587113502754,
    "p50": 15.069265155057469,
    "p75": 15.270606505046551,
    "p90": 15.454330315904585,
    "p95": 15.592561291817526,
    "p99": 16.341668510038314,
    "min": 3.2394019999999997,
    "max": 47.2294,
    "std": 1.135730376314369,
    "count": 61278,
    "sum": 928117.519079
  },
  "total_output_tokens": {
    "unit": "tokens",
    "avg": 61440.0
  },
  "benchmark_duration": {
    "unit": "sec",
    "avg": 948.371792129
  },
  "total_isl": {
    "unit": "tokens",
    "avg": 61440.0
  },
  "total_osl": {
    "unit": "tokens",
    "avg": 61440.0
  },
  "telemetry_data": {
    "summary": {
      "endpoints_configured": [],
      "endpoints_successful": [],
      "start_time": "2026-07-05T22:29:17.116752",
      "end_time": "2026-07-05T22:45:07.563416"
    },
    "endpoints": {},
    "error_summary": []
  },
  "input_config": {
    "models": {
      "items": [
        {
          "name": "qwen3.6-27B"
        }
      ]
    },
    "endpoint": {
      "urls": [
        "http://localhost:8000"
      ],
      "type": "chat",
      "streaming": true,
      "extra": {
        "temperature": 0,
        "top_p": 1.0,
        "top_k": 1,
        "ignore_eos": true,
        "min_tokens": 12288
      }
    },
    "datasets": [
      {
        "name": "main",
        "type": "synthetic",
        "entries": 5,
        "random_seed": 42,
        "prompts": {
          "isl": {
            "mean": 12288.0,
            "stddev": 0.0
          },
          "osl": {
            "mean": 12288.0,
            "stddev": 0.0
          }
        }
      }
    ],
    "phases": [
      {
        "name": "warmup",
        "type": "concurrency",
        "exclude_from_results": true,
        "requests": 1,
        "concurrency": 1
      },
      {
        "name": "profiling",
        "type": "concurrency",
        "requests": 5,
        "concurrency": 1
      }
    ],
    "artifacts": {
      "dir": "/home/luke/Documents/Code/DFlash/artifacts/base/speed/isl12288_osl12288",
      "records": [
        "jsonl"
      ],
      "auto_plot": false,
      "plot_required": false
    },
    "tokenizer": {
      "name": "Qwen/Qwen3.6-27B"
    },
    "gpu_telemetry": {
      "enabled": true
    },
    "server_metrics": {
      "enabled": true,
      "urls": [],
      "formats": [
        "json",
        "csv"
      ]
    },
    "network_latency": {
      "enabled": false
    },
    "otel": {},
    "mlflow": {},
    "wandb": {}
  },
  "run_info": {
    "benchmark_id": "29e7ff9b4708",
    "random_seed": 42,
    "trial": 0,
    "cli_command": "aiperf profile --model 'qwen3.6-27B' --url 'http://localhost:8000' --endpoint-type 'chat' --streaming --tokenizer 'Qwen/Qwen3.6-27B' --synthetic-input-tokens-mean 12288 --synthetic-input-tokens-stddev 0 --output-tokens-mean 12288 --output-tokens-stddev 0 --extra-inputs 'temperature:0' --extra-inputs 'top_p:1.0' --extra-inputs 'top_k:1' --extra-inputs 'ignore_eos:true' --extra-inputs 'min_tokens:12288' --concurrency 1 --random-seed 42 --warmup-request-count 1 --request-count 5 --output-artifact-dir '/home/luke/Documents/Code/DFlash/benchmark/../artifacts/base/speed/isl12288_osl12288'"
  },
  "was_cancelled": false,
  "error_summary": [],
  "start_time": "2026-07-05T22:29:17.116752",
  "end_time": "2026-07-05T22:45:05.561094",
  "http_req_duration": {
    "unit": "ms",
    "avg": 189617.90468679997,
    "p1": 188780.26039888,
    "p5": 188930.49824239998,
    "p10": 189118.2955468,
    "p25": 189681.68746,
    "p50": 189721.124121,
    "p75": 189863.956496,
    "p90": 189993.61524979997,
    "p95": 190036.83483439998,
    "p99": 190071.41050208,
    "min": 188742.700938,
    "max": 190080.054419,
    "std": 459.3099092008247,
    "count": 5,
    "sum": 948089.523434
  },
  "http_req_dns_lookup": {
    "unit": "ms",
    "avg": 0.09538239999999999,
    "p1": 0.0,
    "p5": 0.0,
    "p10": 0.0,
    "p25": 0.0,
    "p50": 0.0,
    "p75": 0.180281,
    "p90": 0.250091,
    "p95": 0.27336099999999997,
    "p99": 0.291977,
    "min": 0.0,
    "max": 0.296631,
    "std": 0.12247626543391989,
    "count": 5,
    "sum": 0.476912
  },