{
  "schema_version": "1.3",
  "aiperf_version": "0.11.0",
  "benchmark_id": "f9c3b0af4586",
  "request_throughput": {
    "unit": "requests/sec",
    "avg": 0.014088147490336468
  },
  "request_latency": {
    "unit": "ms",
    "avg": 70840.500716,
    "p1": 67963.78036616,
    "p5": 68263.3611268,
    "p10": 68637.8370776,
    "p25": 69761.26492999999,
    "p50": 71633.644684,
    "p75": 72316.308486,
    "p90": 72725.9067672,
    "p95": 72862.4395276,
    "p99": 72971.66573591999,
    "min": 67888.885176,
    "max": 72998.97228799999,
    "std": 2160.255476949924,
    "count": 3,
    "sum": 212521.502148
  },
  "request_count": {
    "unit": "requests",
    "avg": 3.0
  },
  "time_to_first_token": {
    "unit": "ms",
    "avg": 15104.746652,
    "p1": 14613.41015926,
    "p5": 14668.873036299998,
    "p10": 14738.2016326,
    "p25": 14946.187421499999,
    "p50": 15292.830403,
    "p75": 15357.347758,
    "p90": 15396.058170999999,
    "p95": 15408.961642,
    "p99": 15419.284418799998,
    "min": 14599.54444,
    "max": 15421.865113,
    "std": 361.0950432166631,
    "count": 3,
    "sum": 45314.239956
  },
  "time_to_second_token": {
    "unit": "ms",
    "avg": 33.79499066666666,
    "p1": 32.20245278,
    "p5": 32.3820359,
    "p10": 32.6065148,
    "p25": 33.279951499999996,
    "p50": 34.402346,
    "p75": 34.6137075,
    "p90": 34.7405244,
    "p95": 34.7827967,
    "p99": 34.816614539999996,
    "min": 32.157557,
    "max": 34.825069,
    "std": 1.1706310102482715,
    "count": 3,
    "sum": 101.38497199999999
  },
  "inter_token_latency": {
    "unit": "ms",
    "avg": 1.5119701072620244,
    "p1": 1.425775483998047,
    "p5": 1.4356869511732633,
    "p10": 1.4480762851422835,
    "p25": 1.485244287049345,
    "p50": 1.547190956894447,
    "p75": 1.556306352290915,
    "p90": 1.5617755895287957,
    "p95": 1.5635986686080894,
    "p99": 1.5650571318715243,
    "min": 1.4232976172042429,
    "max": 1.565421747687383,
    "std": 0.06314110284655824,
    "count": 3,
    "sum": 4.535910321786073
  },
  "output_token_throughput": {
    "unit": "tokens/sec",
    "avg": 519.3454690837635
  },
  "output_token_throughput_per_user": {
    "unit": "tokens/sec/user",
    "avg": 662.5772861388265,
    "p1": 638.956028672016,
    "p5": 639.5582001941258,
    "p10": 640.310914596763,
    "p25": 642.5690578046745,
    "p50": 646.3326298178604,
    "p75": 674.4631863124955,
    "p90": 691.3415202092767,
    "p95": 696.9676315082037,
    "p99": 701.4685205473453,
    "min": 638.8054857914886,
    "max": 702.5937428071308,
    "std": 28.46228003882957,
    "count": 3,
    "sum": 1987.7318584164796
  },
  "output_sequence_length": {
    "unit": "tokens",
    "avg": 36864.0,
    "p1": 36864.0,
    "p5": 36864.0,
    "p10": 36864.0,
    "p25": 36864.0,
    "p50": 36864.0,
    "p75": 36864.0,
    "p90": 36864.0,
    "p95": 36864.0,
    "p99": 36864.0,
    "min": 36864.0,
    "max": 36864.0,
    "std": 0.0,
    "count": 3,
    "sum": 110592.0
  },
  "input_sequence_length": {
    "unit": "tokens",
    "avg": 36864.0,
    "p1": 36864.0,
    "p5": 36864.0,
    "p10": 36864.0,
    "p25": 36864.0,
    "p50": 36864.0,
    "p75": 36864.0,
    "p90": 36864.0,
    "p95": 36864.0,
    "p99": 36864.0,
    "min": 36864.0,
    "max": 36864.0,
    "std": 0.0,
    "count": 3,
    "sum": 110592.0
  },
  "output_token_count": {
    "unit": "tokens",
    "avg": 36864.0,
    "p1": 36864.0,
    "p5": 36864.0,
    "p10": 36864.0,
    "p25": 36864.0,
    "p50": 36864.0,
    "p75": 36864.0,
    "p90": 36864.0,
    "p95": 36864.0,
    "p99": 36864.0,
    "min": 36864.0,
    "max": 36864.0,
    "std": 0.0,
    "count": 3,
    "sum": 110592.0
  },
  "inter_chunk_latency": {
    "unit": "ms",
    "avg": 1.5119701072620242,
    "p1": 0.0,
    "p5": 0.027946925946070685,
    "p10": 0.044008594666942416,
    "p25": 0.09133392215669699,
    "p50": 0.17592239914754365,
    "p75": 0.2693573020578029,
    "p90": 0.35331960719238614,
    "p95": 0.39043434911944497,
    "p99": 53.463313261502215,
    "min": 0.0,
    "max": 112.573129,
    "std": 7.942789288368534,
    "count": 110589,
    "sum": 167207.262192
  },
  "total_output_tokens": {
    "unit": "tokens",
    "avg": 110592.0
  },
  "benchmark_duration": {
    "unit": "sec",
    "avg": 212.94495973000002
  },
  "total_isl": {
    "unit": "tokens",
    "avg": 110592.0
  },
  "total_osl": {
    "unit": "tokens",
    "avg": 110592.0
  },
  "telemetry_data": {
    "summary": {
      "endpoints_configured": [],
      "endpoints_successful": [],
      "start_time": "2026-07-13T21:22:12.119842",
      "end_time": "2026-07-13T21:25:47.280338"
    },
    "endpoints": {},
    "error_summary": []
  },
  "input_config": {
    "models": {
      "items": [
        {
          "name": "qwen36-dflash-map-k4v"
        }
      ]
    },
    "endpoint": {
      "urls": [
        "http://localhost:8001"
      ],
      "type": "chat",
      "streaming": true,
      "extra": {
        "temperature": 0,
        "top_p": 1.0,
        "top_k": 1,
        "ignore_eos": true,
        "min_tokens": 36864
      }
    },
    "datasets": [
      {
        "name": "main",
        "type": "synthetic",
        "entries": 3,
        "random_seed": 42,
        "prompts": {
          "isl": {
            "mean": 36864.0,
            "stddev": 0.0
          },
          "osl": {
            "mean": 36864.0,
            "stddev": 0.0
          }
        }
      }
    ],
    "phases": [
      {
        "name": "warmup",
        "type": "concurrency",
        "exclude_from_results": true,
        "requests": 1,
        "concurrency": 1
      },
      {
        "name": "profiling",
        "type": "concurrency",
        "requests": 3,
        "concurrency": 1
      }
    ],
    "artifacts": {
      "dir": "/home/luke/Documents/Code/DFlash/artifacts/dflash_ngram/speed/isl36864_osl36864",
      "records": [
        "jsonl"
      ],
      "auto_plot": false,
      "plot_required": false
    },
    "tokenizer": {
      "name": "Qwen/Qwen3.6-27B"
    },
    "gpu_telemetry": {
      "enabled": true
    },
    "server_metrics": {
      "enabled": true,
      "urls": [],
      "formats": [
        "json",
        "csv"
      ]
    },
    "network_latency": {
      "enabled": false
    },
    "otel": {},
    "mlflow": {},
    "wandb": {}
  },
  "run_info": {
    "benchmark_id": "f9c3b0af4586",
    "random_seed": 42,
    "trial": 0,
    "cli_command": "aiperf profile --model 'qwen36-dflash-map-k4v' --url 'http://localhost:8001' --endpoint-type 'chat' --streaming --tokenizer 'Qwen/Qwen3.6-27B' --synthetic-input-tokens-mean 36864 --synthetic-input-tokens-stddev 0 --output-tokens-mean 36864 --output-tokens-stddev 0 --extra-inputs 'temperature:0' --extra-inputs 'top_p:1.0' --extra-inputs 'top_k:1' --extra-inputs 'ignore_eos:true' --extra-inputs 'min_tokens:36864' --concurrency 1 --random-seed 42 --warmup-request-count 1 --request-count 3 --output-artifact-dir '/home/luke/Documents/Code/DFlash/benchmark/../artifacts/dflash_ngram/speed/isl36864_osl36864'"
  },
  "was_cancelled": false,
  "error_summary": [],
  "start_time": "2026-07-13T21:22:12.119842",
  "end_time": "2026-07-13T21:25:45.277528",
  "http_req_blocked": {
    "unit": "ms",
    "avg": 0.0,
    "p1": 0.0,
    "p5": 0.0,
    "p10": 0.0,
    "p25": 0.0,
    "p50": 0.0,
    "p75": 0.0,
    "p90": 0.0,
    "p95": 0.0,
    "p99": 0.0,
    "min": 0.0,
    "max": 0.0,
    "std": 0.0,
    "count": 3,
    "sum": 0.0
  },
  "http_req_dns_lookup": {
    "unit": "ms",
    "avg": 0.0,
    "p1": 0.0,
    "p5": 0.0,
    "p10": 0.0,
    "p25": 0.0,
    "p50": 0.0,
    "p75": 0.0,
    "p90": 0.0,
    "p95": 0.0,
    "p99": 0.0,
    "min": 0.0,
    "max": 0.0,
    "std": 0.0,
    "count": 3,
    "sum": 0.0
  },
  "http_req_duration": {
    "unit": "ms",
    "avg": 70840.90136399999,
    "p1": 67964.09802595999,
    "p5": 68263.6836218,
    "p10": 68638.16561659999,
    "p25": 69761.611601,
    "p50": 71634.02157499999,
    "p75": 72316.7512325,