{
  "schema_version": "1.3",
  "aiperf_version": "0.11.0",
  "benchmark_id": "c162d88f6044",
  "request_throughput": {
    "unit": "requests/sec",
    "avg": 0.030863564435330663
  },
  "request_latency": {
    "unit": "ms",
    "avg": 32384.45473133333,
    "p1": 27174.727139299997,
    "p5": 27755.2126685,
    "p10": 28480.81958,
    "p25": 30657.6403145,
    "p50": 34285.674871999996,
    "p75": 35061.8792185,
    "p90": 35527.6018264,
    "p95": 35682.8426957,
    "p99": 35807.035391139994,
    "min": 27029.605756999998,
    "max": 35838.083565,
    "std": 3839.1230631455887,
    "count": 3,
    "sum": 97153.364194
  },
  "request_count": {
    "unit": "requests",
    "avg": 3.0
  },
  "time_to_first_token": {
    "unit": "ms",
    "avg": 15504.258541,
    "p1": 15308.36701484,
    "p5": 15316.9658462,
    "p10": 15327.714385399999,
    "p25": 15359.960003,
    "p50": 15413.702699,
    "p75": 15603.279158,
    "p90": 15717.0250334,
    "p95": 15754.9403252,
    "p99": 15785.27255864,
    "min": 15306.217306999999,
    "max": 15792.855617,
    "std": 208.73345296519634,
    "count": 3,
    "sum": 46512.775623
  },
  "time_to_second_token": {
    "unit": "ms",
    "avg": 35.48248133333333,
    "p1": 35.177211840000005,
    "p5": 35.1941352,
    "p10": 35.215289399999996,
    "p25": 35.278752,
    "p50": 35.384523,
    "p75": 35.6372315,
    "p90": 35.7888566,
    "p95": 35.83939829999999,
    "p99": 35.879831659999994,
    "min": 35.172981,
    "max": 35.889939999999996,
    "std": 0.3007816796530149,
    "count": 3,
    "sum": 106.44744399999999
  },
  "inter_token_latency": {
    "unit": "ms",
    "avg": 4.141177110705754,
    "p1": 2.9135484131810316,
    "p5": 3.045984375487468,
    "p10": 3.2115293283705135,
    "p25": 3.7081641870196504,
    "p50": 4.535888951434878,
    "p75": 4.77154595475642,
    "p90": 4.912940156749344,
    "p95": 4.960071557413652,
    "p99": 4.997776677945098,
    "min": 2.8804394226044225,
    "max": 5.0072029580779605,
    "std": 0.9120047009614977,
    "count": 3,
    "sum": 12.423531332117262
  },
  "output_token_throughput": {
    "unit": "tokens/sec",
    "avg": 125.81017649321956
  },
  "output_token_throughput_per_user": {
    "unit": "tokens/sec/user",
    "avg": 255.78183310719882,
    "p1": 200.12732923990592,
    "p5": 201.7874616369332,
    "p10": 203.8626271332173,
    "p25": 210.0881236220696,
    "p50": 220.46395110349007,
    "p75": 283.8166015904736,
    "p90": 321.82819188266376,
    "p95": 334.49872198006045,
    "p99": 344.63514605797786,
    "min": 199.7122961406491,
    "max": 347.1692520774572,
    "std": 65.17362992017738,
    "count": 3,
    "sum": 767.3454993215964
  },
  "output_sequence_length": {
    "unit": "tokens",
    "avg": 4076.3333333333335,
    "p1": 4071.14,
    "p5": 4071.7,
    "p10": 4072.4,
    "p25": 4074.5,
    "p50": 4078.0,
    "p75": 4079.0,
    "p90": 4079.6,
    "p95": 4079.8,
    "p99": 4079.96,
    "min": 4071.0,
    "max": 4080.0,
    "std": 3.8586123009300755,
    "count": 3,
    "sum": 12229.0
  },
  "input_sequence_length": {
    "unit": "tokens",
    "avg": 36864.0,
    "p1": 36864.0,
    "p5": 36864.0,
    "p10": 36864.0,
    "p25": 36864.0,
    "p50": 36864.0,
    "p75": 36864.0,
    "p90": 36864.0,
    "p95": 36864.0,
    "p99": 36864.0,
    "min": 36864.0,
    "max": 36864.0,
    "std": 0.0,
    "count": 3,
    "sum": 110592.0
  },
  "output_token_count": {
    "unit": "tokens",
    "avg": 4076.3333333333335,
    "p1": 4071.14,
    "p5": 4071.7,
    "p10": 4072.4,
    "p25": 4074.5,
    "p50": 4078.0,
    "p75": 4079.0,
    "p90": 4079.6,
    "p95": 4079.8,
    "p99": 4079.96,
    "min": 4071.0,
    "max": 4080.0,
    "std": 3.8586123009300755,
    "count": 3,
    "sum": 12229.0
  },
  "inter_chunk_latency": {
    "unit": "ms",
    "avg": 4.142040615982332,
    "p1": 0.0,
    "p5": 0.0,
    "p10": 0.0,
    "p25": 0.016985495614035086,
    "p50": 0.030920900180745007,
    "p75": 0.047328196742374005,
    "p90": 32.17291910126262,
    "p95": 33.03170062892307,
    "p99": 58.59495980126982,
    "min": 0.0,
    "max": 110.11915599999999,
    "std": 12.052002201172018,
    "count": 12226,
    "sum": 50640.588571
  },
  "total_output_tokens": {
    "unit": "tokens",
    "avg": 12229.0
  },
  "benchmark_duration": {
    "unit": "sec",
    "avg": 97.201993836
  },
  "total_isl": {
    "unit": "tokens",
    "avg": 110592.0
  },
  "total_osl": {
    "unit": "tokens",
    "avg": 12229.0
  },
  "telemetry_data": {
    "summary": {
      "endpoints_configured": [],
      "endpoints_successful": [],
      "start_time": "2026-07-10T14:29:18.145372",
      "end_time": "2026-07-10T14:30:57.375408"
    },
    "endpoints": {},
    "error_summary": []
  },
  "input_config": {
    "models": {
      "items": [
        {
          "name": "qwen36-dflash-ngram"
        }
      ]
    },
    "endpoint": {
      "urls": [
        "http://localhost:8001"
      ],
      "type": "chat",
      "streaming": true,
      "extra": {
        "temperature": 0,
        "top_p": 1.0,
        "top_k": 1,
        "ignore_eos": true,
        "min_tokens": 36864
      }
    },
    "datasets": [
      {
        "name": "main",
        "type": "synthetic",
        "entries": 3,
        "random_seed": 42,
        "prompts": {
          "isl": {
            "mean": 36864.0,
            "stddev": 0.0
          },
          "osl": {
            "mean": 36864.0,
            "stddev": 0.0
          }
        }
      }
    ],
    "phases": [
      {
        "name": "warmup",
        "type": "concurrency",
        "exclude_from_results": true,
        "requests": 1,
        "concurrency": 1
      },
      {
        "name": "profiling",
        "type": "concurrency",
        "requests": 3,
        "concurrency": 1
      }
    ],
    "artifacts": {
      "dir": "/home/luke/Documents/Code/DFlash/artifacts/dflash_ngram/speed/isl36864_osl36864",
      "records": [
        "jsonl"
      ],
      "auto_plot": false,
      "plot_required": false
    },
    "tokenizer": {
      "name": "Qwen/Qwen3.6-27B"
    },
    "gpu_telemetry": {
      "enabled": true
    },
    "server_metrics": {
      "enabled": true,
      "urls": [],
      "formats": [
        "json",
        "csv"
      ]
    },
    "network_latency": {
      "enabled": false
    },
    "otel": {},
    "mlflow": {},
    "wandb": {}
  },
  "run_info": {
    "benchmark_id": "c162d88f6044",
    "random_seed": 42,
    "trial": 0,
    "cli_command": "aiperf profile --model 'qwen36-dflash-ngram' --url 'http://localhost:8001' --endpoint-type 'chat' --streaming --tokenizer 'Qwen/Qwen3.6-27B' --synthetic-input-tokens-mean 36864 --synthetic-input-tokens-stddev 0 --output-tokens-mean 36864 --output-tokens-stddev 0 --extra-inputs 'temperature:0' --extra-inputs 'top_p:1.0' --extra-inputs 'top_k:1' --extra-inputs 'ignore_eos:true' --extra-inputs 'min_tokens:36864' --concurrency 1 --random-seed 42 --warmup-request-count 1 --request-count 3 --output-artifact-dir '/home/luke/Documents/Code/DFlash/benchmark/../artifacts/dflash_ngram/speed/isl36864_osl36864'"
  },
  "was_cancelled": false,
  "error_summary": [],
  "start_time": "2026-07-10T14:29:18.145372",
  "end_time": "2026-07-10T14:30:55.373273",
  "http_req_data_received": {
    "unit": "KB",
    "avg": 1006.3623046875,
    "p1": 1002.35662109375,
    "p5": 1002.83779296875,
    "p10": 1003.4392578125,
    "p25": 1005.24365234375,
    "p50": 1008.2509765625,
    "p75": 1008.42529296875,
    "p90": 1008.5298828125,
    "p95": 1008.56474609375,
    "p99": 1008.59263671875,
    "min": 1002.236328125,
    "max": 1008.599609375,
    "std": 2.9209756538084326,
    "count": 3,
    "sum": 3019.0869140625
  },
  "http_req_chunks_sent": {
    "unit": "count",
    "avg": 1.0,
    "p1": 1.0,
    "p5": 1.0,
    "p10": 1.0,
    "p25": 1.0,
    "p50": 1.0,
    "p75": 1.0,
    "p90": 1.0,
    "p95": 1.0,
    "p99": 1.0,
    "min": 1.0,
    "max": 1.0,
    "std": 0.0,
    "count": 3,
    "sum": 3.0
  },