{
  "schema_version": "1.3",
  "aiperf_version": "0.11.0",
  "benchmark_id": "70136a0659aa",
  "request_throughput": {
    "unit": "requests/sec",
    "avg": 0.012436048701282624
  },
  "request_latency": {
    "unit": "ms",
    "avg": 80368.82821266667,
    "p1": 48598.08006088,
    "p5": 51008.0821764,
    "p10": 54020.5848208,
    "p25": 63058.092754,
    "p50": 78120.60597599999,
    "p75": 96555.452553,
    "p90": 107616.36049919999,
    "p95": 111303.32981459999,
    "p99": 114252.90526691999,
    "min": 47995.579531999996,
    "max": 114990.29913,
    "std": 27396.642019570492,
    "count": 3,
    "sum": 241106.484638
  },
  "request_count": {
    "unit": "requests",
    "avg": 3.0
  },
  "time_to_first_token": {
    "unit": "ms",
    "avg": 513.818772,
    "p1": 357.28439348,
    "p5": 365.13239139999996,
    "p10": 374.9423888,
    "p25": 404.37238099999996,
    "p50": 453.422368,
    "p75": 593.066961,
    "p90": 676.8537167999999,
    "p95": 704.7826353999999,
    "p99": 727.12577028,
    "min": 355.322394,
    "max": 732.711554,
    "std": 159.87795081139197,
    "count": 3,
    "sum": 1541.456316
  },
  "time_to_second_token": {
    "unit": "ms",
    "avg": 29.667797,
    "p1": 29.33513364,
    "p5": 29.365260199999998,
    "p10": 29.402918399999997,
    "p25": 29.515893,
    "p50": 29.704183999999998,
    "p75": 29.837894499999997,
    "p90": 29.9181208,
    "p95": 29.944862899999997,
    "p99": 29.966256579999996,
    "min": 29.327602,
    "max": 29.971605,
    "std": 0.26416910786968767,
    "count": 3,
    "sum": 89.003391
  },
  "inter_token_latency": {
    "unit": "ms",
    "avg": 6.751695116109452,
    "p1": 6.356641385125835,
    "p5": 6.3706315119686465,
    "p10": 6.3881191705221605,
    "p25": 6.440582146182704,
    "p50": 6.528020438950276,
    "p75": 6.950970747456612,
    "p90": 7.204740932560414,
    "p95": 7.2893309942616815,
    "p99": 7.357003043622695,
    "min": 6.3531438534151325,
    "max": 7.373921055962949,
    "std": 0.4457348204272977,
    "count": 3,
    "sum": 20.255085348328354
  },
  "output_token_throughput": {
    "unit": "tokens/sec",
    "avg": 145.1452697422366
  },
  "output_token_throughput_per_user": {
    "unit": "tokens/sec/user",
    "avg": 148.73374696756846,
    "p1": 135.96451488418825,
    "p5": 137.37033366018832,
    "p10": 139.12760713018844,
    "p25": 144.39942754018873,
    "p50": 153.18579489018921,
    "p75": 155.29409035625858,
    "p90": 156.5590676359002,
    "p95": 156.98072672911408,
    "p99": 157.31805400368518,
    "min": 135.61306019018824,
    "max": 157.40238582232794,
    "std": 9.436073544465371,
    "count": 3,
    "sum": 446.2012409027054
  },
  "output_sequence_length": {
    "unit": "tokens",
    "avg": 11671.333333333334,
    "p1": 7340.7,
    "p5": 7739.5,
    "p10": 8238.0,
    "p25": 9733.5,
    "p50": 12226.0,
    "p75": 13886.5,
    "p90": 14882.8,
    "p95": 15214.9,
    "p99": 15480.58,
    "min": 7241.0,
    "max": 15547.0,
    "std": 3413.517280199739,
    "count": 3,
    "sum": 35014.0
  },
  "input_sequence_length": {
    "unit": "tokens",
    "avg": 548.3333333333334,
    "p1": 469.02,
    "p5": 477.1,
    "p10": 487.2,
    "p25": 517.5,
    "p50": 568.0,
    "p75": 589.0,
    "p90": 601.6,
    "p95": 605.8,
    "p99": 609.16,
    "min": 467.0,
    "max": 610.0,
    "std": 60.01296156294535,
    "count": 3,
    "sum": 1645.0
  },
  "output_token_count": {
    "unit": "tokens",
    "avg": 11671.333333333334,
    "p1": 7340.7,
    "p5": 7739.5,
    "p10": 8238.0,
    "p25": 9733.5,
    "p50": 12226.0,
    "p75": 13886.5,
    "p90": 14882.8,
    "p95": 15214.9,
    "p99": 15480.58,
    "min": 7241.0,
    "max": 15547.0,
    "std": 3413.517280199739,
    "count": 3,
    "sum": 35014.0
  },
  "inter_chunk_latency": {
    "unit": "ms",
    "avg": 6.842369139780646,
    "p1": 0.0,
    "p5": 0.0,
    "p10": 0.0,
    "p25": 0.03686503120336454,
    "p50": 0.07459677577063106,
    "p75": 0.2162415894644003,
    "p90": 28.233913519381694,
    "p95": 28.735403912737844,
    "p99": 30.038734639199994,
    "min": 0.0,
    "max": 39.173167,
    "std": 12.068466620108856,
    "count": 35012,
    "sum": 239565.028322
  },
  "total_output_tokens": {
    "unit": "tokens",
    "avg": 35014.0
  },
  "benchmark_duration": {
    "unit": "sec",
    "avg": 241.234179124
  },
  "total_isl": {
    "unit": "tokens",
    "avg": 1645.0
  },
  "total_osl": {
    "unit": "tokens",
    "avg": 35014.0
  },
  "telemetry_data": {
    "summary": {
      "endpoints_configured": [],
      "endpoints_successful": [],
      "start_time": "2026-07-05T20:27:34.025788",
      "end_time": "2026-07-05T20:31:37.324702"
    },
    "endpoints": {},
    "error_summary": []
  },
  "input_config": {
    "models": {
      "items": [
        {
          "name": "qwen36-dflash15"
        }
      ]
    },
    "endpoint": {
      "urls": [
        "http://localhost:8001"
      ],
      "type": "chat",
      "streaming": true,
      "extra": {
        "temperature": 0,
        "top_p": 1.0,
        "top_k": 1
      }
    },
    "datasets": [
      {
        "name": "main",
        "type": "synthetic",
        "entries": 3,
        "random_seed": 42,
        "sampling": "sequential",
        "prompts": {
          "isl": {
            "mean": 550.0
          }
        }
      }
    ],
    "phases": [
      {
        "name": "profiling",
        "type": "concurrency",
        "requests": 3,
        "concurrency": 1
      }
    ],
    "artifacts": {
      "dir": "/home/luke/Documents/Code/DFlash/artifacts/dflash/accuracy/lcb-codegeneration",
      "records": [
        "jsonl"
      ],
      "auto_plot": false,
      "plot_required": false
    },
    "tokenizer": {
      "name": "Qwen/Qwen3.6-27B"
    },
    "gpu_telemetry": {
      "enabled": true
    },
    "server_metrics": {
      "enabled": true,
      "urls": [],
      "formats": [
        "json",
        "csv"
      ]
    },
    "network_latency": {
      "enabled": false
    },
    "otel": {},
    "mlflow": {},
    "wandb": {},
    "accuracy": {
      "benchmark": "lcb_codegeneration"
    }
  },
  "run_info": {
    "benchmark_id": "70136a0659aa",
    "random_seed": 42,
    "trial": 0,
    "cli_command": "aiperf profile --model 'qwen36-dflash15' --url 'http://localhost:8001' --endpoint-type 'chat' --streaming --tokenizer 'Qwen/Qwen3.6-27B' --accuracy-benchmark 'lcb-codegeneration' --num-dataset-entries 3 --dataset-sampling-strategy 'sequential' --request-count 3 --concurrency 1 --random-seed 42 --extra-inputs 'temperature:0' --extra-inputs 'top_p:1.0' --extra-inputs 'top_k:1' --output-artifact-dir '/home/luke/Documents/Code/DFlash/benchmark/../artifacts/dflash/accuracy/lcb-codegeneration'"
  },
  "was_cancelled": false,
  "error_summary": [],
  "start_time": "2026-07-05T20:27:34.025788",
  "end_time": "2026-07-05T20:31:35.319791",
  "http_req_waiting": {
    "unit": "ms",
    "avg": 513.205116,
    "p1": 356.41099432,
    "p5": 364.2906916,
    "p10": 374.1403132,
    "p25": 403.68917799999997,
    "p50": 452.937286,
    "p75": 592.587139,
    "p90": 676.3770507999999,
    "p95": 704.3070213999999,
    "p99": 726.65099788,
    "min": 354.44106999999997,
    "max": 732.236992,
    "std": 160.01374559630636,
    "count": 3,
    "sum": 1539.615348
  },
  "http_req_dns_lookup": {
    "unit": "ms",
    "avg": 0.09623699999999999,
    "p1": 0.0,
    "p5": 0.0,
    "p10": 0.0,
    "p25": 0.0,
    "p50": 0.0,
    "p75": 0.1443555,
    "p90": 0.2309688,
    "p95": 0.25983989999999996,
    "p99": 0.28293677999999994,
    "min": 0.0,
    "max": 0.288711,
    "std": 0.13609967060209954,
    "count": 3,
    "sum": 0.288711
  },
  "http_req_receiving": {
    "unit": "ms",
    "avg": 79855.29732866667,
    "p1": 47871.25091377999,
    "p5": 50303.5936089,
    "p10": 53344.0219778,
    "p25": 62465.3070845,
    "p50": 77667.44892899999,
    "p75": 96151.363373,
    "p90": 107241.7120394,
    "p95": 110938.49492819999,
    "p99": 113895.92123924,