{
  "schema_version": "1.3",
  "aiperf_version": "0.11.0",
  "benchmark_id": "8ba1a4d9b92f",
  "request_throughput": {
    "unit": "requests/sec",
    "avg": 0.0016675635933073739
  },
  "request_latency": {
    "unit": "ms",
    "avg": 599527.019516,
    "p1": 596258.13917466,
    "p5": 596292.8390253,
    "p10": 596336.2138386,
    "p25": 596466.3382785,
    "p50": 596683.212345,
    "p75": 601165.797168,
    "p90": 603855.3480618,
    "p95": 604751.8650264,
    "p99": 605469.07859808,
    "min": 596249.464212,
    "max": 605648.3819909999,
    "std": 4332.077505729696,
    "count": 3,
    "sum": 1798581.058548
  },
  "request_count": {
    "unit": "requests",
    "avg": 3.0
  },
  "time_to_first_token": {
    "unit": "ms",
    "avg": 12878.650462666665,
    "p1": 12730.868794,
    "p5": 12733.403262,
    "p10": 12736.571347,
    "p25": 12746.075601999999,
    "p50": 12761.916027,
    "p75": 12952.8581055,
    "p90": 13067.423352599999,
    "p95": 13105.6117683,
    "p99": 13136.16250086,
    "min": 12730.235176999999,
    "max": 13143.800184,
    "std": 187.93474063539338,
    "count": 3,
    "sum": 38635.951388
  },
  "time_to_second_token": {
    "unit": "ms",
    "avg": 16.209908666666664,
    "p1": 16.160999059999998,
    "p5": 16.1624073,
    "p10": 16.1641676,
    "p25": 16.169448499999998,
    "p50": 16.17825,
    "p75": 16.2345395,
    "p90": 16.268313199999998,
    "p95": 16.2795711,
    "p99": 16.28857742,
    "min": 16.160647,
    "max": 16.290829,
    "std": 0.0576688342309393,
    "count": 3,
    "sum": 48.629726
  },
  "inter_token_latency": {
    "unit": "ms",
    "avg": 15.914577898408389,
    "p1": 15.82879463865285,
    "p5": 15.829804711588855,
    "p10": 15.831067302758864,
    "p25": 15.834855076268889,
    "p50": 15.841168032118928,
    "p75": 15.95759578740316,
    "p90": 16.0274524405737,
    "p95": 16.050737991630545,
    "p99": 16.069366432476023,
    "min": 15.828542120418847,
    "max": 16.074023542687392,
    "std": 0.11286286227460447,
    "count": 3,
    "sum": 47.74373369522517
  },
  "output_token_throughput": {
    "unit": "tokens/sec",
    "avg": 61.471952594620824
  },
  "output_token_throughput_per_user": {
    "unit": "tokens/sec/user",
    "avg": 62.83861587840849,
    "p1": 62.230466761984,
    "p5": 62.30362524748093,
    "p10": 62.39507335435209,
    "p25": 62.66941767496559,
    "p50": 63.1266582093214,
    "p75": 63.15183524730785,
    "p90": 63.16694147009972,
    "p95": 63.17197687769701,
    "p99": 63.17600520377484,
    "min": 62.21217714060977,
    "max": 63.1770122852943,
    "std": 0.443435829557418,
    "count": 3,
    "sum": 188.51584763522547
  },
  "output_sequence_length": {
    "unit": "tokens",
    "avg": 36863.333333333336,
    "p1": 36862.04,
    "p5": 36862.2,
    "p10": 36862.4,
    "p25": 36863.0,
    "p50": 36864.0,
    "p75": 36864.0,
    "p90": 36864.0,
    "p95": 36864.0,
    "p99": 36864.0,
    "min": 36862.0,
    "max": 36864.0,
    "std": 0.9428090415820634,
    "count": 3,
    "sum": 110590.0
  },
  "input_sequence_length": {
    "unit": "tokens",
    "avg": 36864.0,
    "p1": 36864.0,
    "p5": 36864.0,
    "p10": 36864.0,
    "p25": 36864.0,
    "p50": 36864.0,
    "p75": 36864.0,
    "p90": 36864.0,
    "p95": 36864.0,
    "p99": 36864.0,
    "min": 36864.0,
    "max": 36864.0,
    "std": 0.0,
    "count": 3,
    "sum": 110592.0
  },
  "output_token_count": {
    "unit": "tokens",
    "avg": 36863.333333333336,
    "p1": 36862.04,
    "p5": 36862.2,
    "p10": 36862.4,
    "p25": 36863.0,
    "p50": 36864.0,
    "p75": 36864.0,
    "p90": 36864.0,
    "p95": 36864.0,
    "p99": 36864.0,
    "min": 36862.0,
    "max": 36864.0,
    "std": 0.9428090415820634,
    "count": 3,
    "sum": 110590.0
  },
  "inter_chunk_latency": {
    "unit": "ms",
    "avg": 16.087396659567272,
    "p1": 15.059731050575607,
    "p5": 15.160134821603238,
    "p10": 15.243187966850842,
    "p25": 15.46777978363416,
    "p50": 15.871371303816694,
    "p75": 16.24650979995403,
    "p90": 16.554471343785167,
    "p95": 16.84025933991961,
    "p99": 18.619107024225375,
    "min": 14.941576,
    "max": 59.860870999999996,
    "std": 2.458762183414987,
    "count": 109399,
    "sum": 1759945.10716
  },
  "total_output_tokens": {
    "unit": "tokens",
    "avg": 110590.0
  },
  "benchmark_duration": {
    "unit": "sec",
    "avg": 1799.0318402490002
  },
  "total_isl": {
    "unit": "tokens",
    "avg": 110592.0
  },
  "total_osl": {
    "unit": "tokens",
    "avg": 110590.0
  },
  "telemetry_data": {
    "summary": {
      "endpoints_configured": [],
      "endpoints_successful": [],
      "start_time": "2026-07-06T00:23:36.030057",
      "end_time": "2026-07-06T00:53:37.286096"
    },
    "endpoints": {},
    "error_summary": []
  },
  "input_config": {
    "models": {
      "items": [
        {
          "name": "qwen3.6-27B"
        }
      ]
    },
    "endpoint": {
      "urls": [
        "http://localhost:8000"
      ],
      "type": "chat",
      "streaming": true,
      "extra": {
        "temperature": 0,
        "top_p": 1.0,
        "top_k": 1,
        "ignore_eos": true,
        "min_tokens": 36864
      }
    },
    "datasets": [
      {
        "name": "main",
        "type": "synthetic",
        "entries": 3,
        "random_seed": 42,
        "prompts": {
          "isl": {
            "mean": 36864.0,
            "stddev": 0.0
          },
          "osl": {
            "mean": 36864.0,
            "stddev": 0.0
          }
        }
      }
    ],
    "phases": [
      {
        "name": "warmup",
        "type": "concurrency",
        "exclude_from_results": true,
        "requests": 1,
        "concurrency": 1
      },
      {
        "name": "profiling",
        "type": "concurrency",
        "requests": 3,
        "concurrency": 1
      }
    ],
    "artifacts": {
      "dir": "/home/luke/Documents/Code/DFlash/artifacts/base/speed/isl36864_osl36864",
      "records": [
        "jsonl"
      ],
      "auto_plot": false,
      "plot_required": false
    },
    "tokenizer": {
      "name": "Qwen/Qwen3.6-27B"
    },
    "gpu_telemetry": {
      "enabled": true
    },
    "server_metrics": {
      "enabled": true,
      "urls": [],
      "formats": [
        "json",
        "csv"
      ]
    },
    "network_latency": {
      "enabled": false
    },
    "otel": {},
    "mlflow": {},
    "wandb": {}
  },
  "run_info": {
    "benchmark_id": "8ba1a4d9b92f",
    "random_seed": 42,
    "trial": 0,
    "cli_command": "aiperf profile --model 'qwen3.6-27B' --url 'http://localhost:8000' --endpoint-type 'chat' --streaming --tokenizer 'Qwen/Qwen3.6-27B' --synthetic-input-tokens-mean 36864 --synthetic-input-tokens-stddev 0 --output-tokens-mean 36864 --output-tokens-stddev 0 --extra-inputs 'temperature:0' --extra-inputs 'top_p:1.0' --extra-inputs 'top_k:1' --extra-inputs 'ignore_eos:true' --extra-inputs 'min_tokens:36864' --concurrency 1 --random-seed 42 --warmup-request-count 1 --request-count 3 --output-artifact-dir '/home/luke/Documents/Code/DFlash/benchmark/../artifacts/base/speed/isl36864_osl36864'"
  },
  "was_cancelled": false,
  "error_summary": [],
  "start_time": "2026-07-06T00:23:36.030057",
  "end_time": "2026-07-06T00:53:35.283111",
  "http_req_blocked": {
    "unit": "ms",
    "avg": 0.0,
    "p1": 0.0,
    "p5": 0.0,
    "p10": 0.0,
    "p25": 0.0,
    "p50": 0.0,
    "p75": 0.0,
    "p90": 0.0,
    "p95": 0.0,
    "p99": 0.0,
    "min": 0.0,
    "max": 0.0,
    "std": 0.0,
    "count": 3,
    "sum": 0.0
  },
  "http_req_data_sent": {
    "unit": "KB",
    "avg": 156.1025390625,
    "p1": 153.62353515625,
    "p5": 153.84423828125,
    "p10": 154.1201171875,
    "p25": 154.94775390625,
    "p50": 156.3271484375,
    "p75": 157.36962890625,
    "p90": 157.9951171875,
    "p95": 158.20361328125,
    "p99": 158.37041015625,
    "min": 153.568359375,
    "max": 158.412109375,
    "std": 1.9838204798029513,
    "count": 3,
    "sum": 468.3076171875
  },