{
  "schema_version": "1.3",
  "aiperf_version": "0.11.0",
  "benchmark_id": "38c6d2c8d183",
  "request_throughput": {
    "unit": "requests/sec",
    "avg": 0.06785622288479769
  },
  "request_latency": {
    "unit": "ms",
    "avg": 14716.69727137,
    "p1": 3475.14619309,
    "p5": 3771.295765,
    "p10": 4410.2087185,
    "p25": 6150.14604375,
    "p50": 9226.2423595,
    "p75": 15374.29261425,
    "p90": 27584.643052600037,
    "p95": 39851.129464199985,
    "p99": 80968.4320911302,
    "min": 2820.4746459999997,
    "max": 121190.528601,
    "std": 16447.127532658666,
    "count": 100,
    "sum": 1471669.7271369998
  },
  "request_count": {
    "unit": "requests",
    "avg": 100.0
  },
  "time_to_first_token": {
    "unit": "ms",
    "avg": 163.93338687,
    "p1": 81.87321762,
    "p5": 145.4262059,
    "p10": 148.709035,
    "p25": 153.69900024999998,
    "p50": 161.3771185,
    "p75": 170.04271774999998,
    "p90": 191.53706200000002,
    "p95": 201.64889424999998,
    "p99": 246.7343567800001,
    "min": 59.426514,
    "max": 267.939343,
    "std": 26.540297183502307,
    "count": 100,
    "sum": 16393.338687
  },
  "time_to_second_token": {
    "unit": "ms",
    "avg": 15.180881439999999,
    "p1": 14.529795009999999,
    "p5": 14.55353905,
    "p10": 14.5758269,
    "p25": 14.6208525,
    "p50": 14.803751,
    "p75": 15.264935,
    "p90": 16.0928269,
    "p95": 16.37734385,
    "p99": 17.379139030000047,
    "min": 14.505343,
    "max": 26.668708,
    "std": 1.317524755585741,
    "count": 100,
    "sum": 1518.0881439999998
  },
  "inter_token_latency": {
    "unit": "ms",
    "avg": 13.90414450485015,
    "p1": 13.681428618420817,
    "p5": 13.684401480021414,
    "p10": 13.687240986193812,
    "p25": 13.690482805935531,
    "p50": 13.698890813794337,
    "p75": 13.775412562382883,
    "p90": 14.422217402495122,
    "p95": 14.756969002030313,
    "p99": 15.067488483830243,
    "min": 13.67565147973713,
    "max": 20.03131620994475,
    "std": 0.694639078229274,
    "count": 100,
    "sum": 1390.4144504850149
  },
  "output_token_throughput": {
    "unit": "tokens/sec",
    "avg": 70.98914469538879
  },
  "output_token_throughput_per_user": {
    "unit": "tokens/sec/user",
    "avg": 72.05632065400873,
    "p1": 66.42297174129307,
    "p5": 67.76462446627428,
    "p10": 69.3374823387486,
    "p25": 72.593107342036,
    "p50": 72.99861099752337,
    "p75": 73.04344296514134,
    "p90": 73.06074331897366,
    "p95": 73.07590339509936,
    "p99": 73.09178227596786,
    "min": 49.921831871614096,
    "max": 73.12265901786651,
    "std": 2.7355323464129784,
    "count": 100,
    "sum": 7205.632065400874
  },
  "output_sequence_length": {
    "unit": "tokens",
    "avg": 1046.17,
    "p1": 243.51,
    "p5": 263.9,
    "p10": 311.9,
    "p25": 411.75,
    "p50": 661.0,
    "p75": 1093.5,
    "p90": 1999.8000000000025,
    "p95": 2893.8499999999995,
    "p99": 5485.200000000016,
    "min": 195.0,
    "max": 8673.0,
    "std": 1167.1662097147948,
    "count": 100,
    "sum": 104617.0
  },
  "input_sequence_length": {
    "unit": "tokens",
    "avg": 62.4,
    "p1": 11.98,
    "p5": 17.9,
    "p10": 20.9,
    "p25": 27.75,
    "p50": 46.5,
    "p75": 71.0,
    "p90": 110.10000000000001,
    "p95": 162.14999999999992,
    "p99": 363.02,
    "min": 10.0,
    "max": 365.0,
    "std": 58.64725057494171,
    "count": 100,
    "sum": 6240.0
  },
  "output_token_count": {
    "unit": "tokens",
    "avg": 1046.17,
    "p1": 243.51,
    "p5": 263.9,
    "p10": 311.9,
    "p25": 411.75,
    "p50": 661.0,
    "p75": 1093.5,
    "p90": 1999.8000000000025,
    "p95": 2893.8499999999995,
    "p99": 5485.200000000016,
    "min": 195.0,
    "max": 8673.0,
    "std": 1167.1662097147948,
    "count": 100,
    "sum": 104617.0
  },
  "inter_chunk_latency": {
    "unit": "ms",
    "avg": 13.923824721815588,
    "p1": 13.408082544125955,
    "p5": 13.436845336511434,
    "p10": 13.45283086805555,
    "p25": 13.478459099230362,
    "p50": 13.537578826256885,
    "p75": 14.104685494723226,
    "p90": 14.99946313360277,
    "p95": 15.503707145646406,
    "p99": 16.196936192481402,
    "min": 13.288960999999999,
    "max": 30.194217,
    "std": 0.8172616173287278,
    "count": 104517,
    "sum": 1455276.38845
  },
  "total_output_tokens": {
    "unit": "tokens",
    "avg": 104617.0
  },
  "benchmark_duration": {
    "unit": "sec",
    "avg": 1473.704190252
  },
  "total_isl": {
    "unit": "tokens",
    "avg": 6240.0
  },
  "total_osl": {
    "unit": "tokens",
    "avg": 104617.0
  },
  "telemetry_data": {
    "summary": {
      "endpoints_configured": [],
      "endpoints_successful": [],
      "start_time": "2026-07-06T18:43:37.814304",
      "end_time": "2026-07-06T19:08:13.545940"
    },
    "endpoints": {},
    "error_summary": []
  },
  "input_config": {
    "models": {
      "items": [
        {
          "name": "qwen3.6-27B"
        }
      ]
    },
    "endpoint": {
      "urls": [
        "http://localhost:8000"
      ],
      "type": "chat",
      "streaming": true,
      "extra": {
        "temperature": 0,
        "top_p": 1.0,
        "top_k": 1
      }
    },
    "datasets": [
      {
        "name": "main",
        "type": "synthetic",
        "entries": 100,
        "random_seed": 42,
        "sampling": "sequential",
        "prompts": {
          "isl": {
            "mean": 550.0
          }
        }
      }
    ],
    "phases": [
      {
        "name": "profiling",
        "type": "concurrency",
        "requests": 100,
        "concurrency": 1
      }
    ],
    "artifacts": {
      "dir": "/home/luke/Documents/Code/DFlash/artifacts/base/accuracy/math_500",
      "records": [
        "jsonl"
      ],
      "auto_plot": false,
      "plot_required": false
    },
    "tokenizer": {
      "name": "Qwen/Qwen3.6-27B"
    },
    "gpu_telemetry": {
      "enabled": true
    },
    "server_metrics": {
      "enabled": true,
      "urls": [],
      "formats": [
        "json",
        "csv"
      ]
    },
    "network_latency": {
      "enabled": false
    },
    "otel": {},
    "mlflow": {},
    "wandb": {},
    "accuracy": {
      "benchmark": "math_500"
    }
  },
  "run_info": {
    "benchmark_id": "38c6d2c8d183",
    "random_seed": 42,
    "trial": 0,
    "cli_command": "aiperf profile --model 'qwen3.6-27B' --url 'http://localhost:8000' --endpoint-type 'chat' --streaming --tokenizer 'Qwen/Qwen3.6-27B' --accuracy-benchmark 'math_500' --num-dataset-entries 100 --dataset-sampling-strategy 'sequential' --request-count 100 --concurrency 1 --random-seed 42 --extra-inputs 'temperature:0' --extra-inputs 'top_p:1.0' --extra-inputs 'top_k:1' --output-artifact-dir '/home/luke/Documents/Code/DFlash/benchmark/../artifacts/base/accuracy/math_500'"
  },
  "was_cancelled": false,
  "error_summary": [],
  "start_time": "2026-07-06T18:43:37.814304",
  "end_time": "2026-07-06T19:08:11.541870",
  "http_req_connection_reused": {
    "unit": "ratio",
    "avg": 0.0,
    "p1": 0.0,
    "p5": 0.0,
    "p10": 0.0,
    "p25": 0.0,
    "p50": 0.0,
    "p75": 0.0,
    "p90": 0.0,
    "p95": 0.0,
    "p99": 0.0,
    "min": 0.0,
    "max": 0.0,
    "std": 0.0,
    "count": 100,
    "sum": 0.0
  },
  "http_req_dns_lookup": {
    "unit": "ms",
    "avg": 0.00941361,
    "p1": 0.0,
    "p5": 0.0,
    "p10": 0.0,
    "p25": 0.0,
    "p50": 0.0,
    "p75": 0.0,
    "p90": 0.0,
    "p95": 0.006213499999999647,
    "p99": 0.18052121000000085,
    "min": 0.0,
    "max": 0.348941,
    "std": 0.04499306350514377,
    "count": 100,
    "sum": 0.941361
  },
  "http_req_data_received": {
    "unit": "KB",
    "avg": 249.670107421875,
    "p1": 58.834873046875,
    "p5": 63.680322265625,
    "p10": 74.97294921875,
    "p25": 98.810791015625,
    "p50": 158.42626953125,
    "p75": 260.990478515625,
    "p90": 477.05283203125055,
    "p95": 688.6885253906248,
    "p99": 1305.119736328129,
    "min": 47.224609375,
    "max": 2068.1748046875,
    "std": 277.85228558121474,
    "count": 100,