{
  "schema_version": "1.3",
  "aiperf_version": "0.11.0",
  "benchmark_id": "d866288a7a37",
  "request_throughput": {
    "unit": "requests/sec",
    "avg": 0.8372349464752908
  },
  "request_latency": {
    "unit": "ms",
    "avg": 1190.4057009599999,
    "p1": 777.1429102999999,
    "p5": 829.60867085,
    "p10": 847.0068084999999,
    "p25": 988.03719,
    "p50": 1202.3937039999998,
    "p75": 1365.27285725,
    "p90": 1522.8115729,
    "p95": 1596.5983243499998,
    "p99": 1680.4016536199997,
    "min": 740.514151,
    "max": 1686.4848869999998,
    "std": 245.2284870938214,
    "count": 50,
    "sum": 59520.285048
  },
  "request_count": {
    "unit": "requests",
    "avg": 50.0
  },
  "time_to_first_token": {
    "unit": "ms",
    "avg": 191.35070936,
    "p1": 174.96249556,
    "p5": 177.8827704,
    "p10": 179.2529519,
    "p25": 182.22659149999998,
    "p50": 187.33615849999998,
    "p75": 193.949794,
    "p90": 203.30299730000002,
    "p95": 227.5820919499999,
    "p99": 253.11734342999998,
    "min": 174.339194,
    "max": 257.372794,
    "std": 16.596179529388603,
    "count": 50,
    "sum": 9567.535468
  },
  "time_to_second_token": {
    "unit": "ms",
    "avg": 31.76018626,
    "p1": 29.443444109999998,
    "p5": 29.58667495,
    "p10": 29.764041,
    "p25": 29.92221025,
    "p50": 30.443768,
    "p75": 30.989424999999997,
    "p90": 31.7075441,
    "p95": 32.3111416,
    "p99": 62.77548137999988,
    "min": 29.440534,
    "max": 91.805844,
    "std": 8.609552369842145,
    "count": 50,
    "sum": 1588.009313
  },
  "inter_token_latency": {
    "unit": "ms",
    "avg": 4.517625334134895,
    "p1": 3.2211935874901956,
    "p5": 3.3426323371584026,
    "p10": 3.4488582769607845,
    "p25": 4.015777600288704,
    "p50": 4.358519368388331,
    "p75": 5.00914494990165,
    "p90": 5.40952503254902,
    "p95": 5.818427365686274,
    "p99": 7.097124609096383,
    "min": 3.116783101960784,
    "max": 7.452580333333333,
    "std": 0.8514210858141911,
    "count": 50,
    "sum": 225.88126670674464
  },
  "output_token_throughput": {
    "unit": "tokens/sec",
    "avg": 187.90901138691427
  },
  "output_token_throughput_per_user": {
    "unit": "tokens/sec/user",
    "avg": 228.6741416219871,
    "p1": 141.27172704588136,
    "p5": 171.89396124874185,
    "p10": 184.8824876510955,
    "p25": 199.6350143762555,
    "p50": 229.43681812292792,
    "p75": 249.02065170784988,
    "p90": 289.95583217453384,
    "p95": 299.16912282923505,
    "p99": 310.7833313403545,
    "min": 134.18171361766827,
    "max": 320.84362860248274,
    "std": 40.17531569269075,
    "count": 50,
    "sum": 11433.707081099357
  },
  "output_sequence_length": {
    "unit": "tokens",
    "avg": 224.44,
    "p1": 107.41,
    "p5": 149.6,
    "p10": 163.6,
    "p25": 192.5,
    "p50": 256.0,
    "p75": 256.0,
    "p90": 256.0,
    "p95": 256.0,
    "p99": 256.0,
    "min": 103.0,
    "max": 256.0,
    "std": 43.22043960905534,
    "count": 50,
    "sum": 11222.0
  },
  "input_sequence_length": {
    "unit": "tokens",
    "avg": 64.14,
    "p1": 31.98,
    "p5": 37.25,
    "p10": 43.7,
    "p25": 48.25,
    "p50": 62.0,
    "p75": 72.0,
    "p90": 97.1,
    "p95": 104.49999999999997,
    "p99": 124.15999999999997,
    "min": 31.0,
    "max": 132.0,
    "std": 21.005723029688834,
    "count": 50,
    "sum": 3207.0
  },
  "output_token_count": {
    "unit": "tokens",
    "avg": 224.44,
    "p1": 107.41,
    "p5": 149.6,
    "p10": 163.6,
    "p25": 192.5,
    "p50": 256.0,
    "p75": 256.0,
    "p90": 256.0,
    "p95": 256.0,
    "p99": 256.0,
    "min": 103.0,
    "max": 256.0,
    "std": 43.22043960905534,
    "count": 50,
    "sum": 11222.0
  },
  "inter_chunk_latency": {
    "unit": "ms",
    "avg": 4.471245039384175,
    "p1": 0.0,
    "p5": 0.0,
    "p10": 0.0,
    "p25": 0.0,
    "p50": 0.0,
    "p75": 0.02624716585266585,
    "p90": 28.141205040712073,
    "p95": 28.9618486904,
    "p99": 31.43919407733336,
    "min": 0.0,
    "max": 91.805844,
    "std": 10.469799856137271,
    "count": 11172,
    "sum": 49952.749579999996
  },
  "total_output_tokens": {
    "unit": "tokens",
    "avg": 11222.0
  },
  "benchmark_duration": {
    "unit": "sec",
    "avg": 59.720392956000005
  },
  "total_isl": {
    "unit": "tokens",
    "avg": 3207.0
  },
  "total_osl": {
    "unit": "tokens",
    "avg": 11222.0
  },
  "telemetry_data": {
    "summary": {
      "endpoints_configured": [],
      "endpoints_successful": [],
      "start_time": "2026-07-05T18:57:24.708302",
      "end_time": "2026-07-05T18:58:26.435278"
    },
    "endpoints": {},
    "error_summary": []
  },
  "input_config": {
    "models": {
      "items": [
        {
          "name": "qwen36-dflash15"
        }
      ]
    },
    "endpoint": {
      "urls": [
        "http://localhost:8001"
      ],
      "type": "chat",
      "streaming": true,
      "extra": {
        "temperature": 0,
        "top_p": 1.0,
        "top_k": 1
      }
    },
    "datasets": [
      {
        "name": "main",
        "type": "synthetic",
        "entries": 50,
        "random_seed": 42,
        "sampling": "sequential",
        "prompts": {
          "isl": {
            "mean": 550.0
          }
        }
      }
    ],
    "phases": [
      {
        "name": "profiling",
        "type": "concurrency",
        "requests": 50,
        "concurrency": 1
      }
    ],
    "artifacts": {
      "dir": "/home/luke/Documents/Code/DFlash/artifacts/dflash/accuracy/gsm8k",
      "records": [
        "jsonl"
      ],
      "auto_plot": false,
      "plot_required": false
    },
    "tokenizer": {
      "name": "Qwen/Qwen3.6-27B"
    },
    "gpu_telemetry": {
      "enabled": true
    },
    "server_metrics": {
      "enabled": true,
      "urls": [],
      "formats": [
        "json",
        "csv"
      ]
    },
    "network_latency": {
      "enabled": false
    },
    "otel": {},
    "mlflow": {},
    "wandb": {},
    "accuracy": {
      "benchmark": "gsm8k"
    }
  },
  "run_info": {
    "benchmark_id": "d866288a7a37",
    "random_seed": 42,
    "trial": 0,
    "cli_command": "aiperf profile --model 'qwen36-dflash15' --url 'http://localhost:8001' --endpoint-type 'chat' --streaming --tokenizer 'Qwen/Qwen3.6-27B' --accuracy-benchmark 'gsm8k' --num-dataset-entries 50 --dataset-sampling-strategy 'sequential' --request-count 50 --concurrency 1 --random-seed 42 --extra-inputs 'temperature:0' --extra-inputs 'top_p:1.0' --extra-inputs 'top_k:1' --output-artifact-dir '/home/luke/Documents/Code/DFlash/benchmark/../artifacts/dflash/accuracy/gsm8k'"
  },
  "was_cancelled": false,
  "error_summary": [],
  "start_time": "2026-07-05T18:57:24.708302",
  "end_time": "2026-07-05T18:58:24.430964",
  "http_req_dns_lookup": {
    "unit": "ms",
    "avg": 0.00587942,
    "p1": 0.0,
    "p5": 0.0,
    "p10": 0.0,
    "p25": 0.0,
    "p50": 0.0,
    "p75": 0.0,
    "p90": 0.0,
    "p95": 0.0,
    "p99": 0.1499252099999994,
    "min": 0.0,
    "max": 0.293971,
    "std": 0.04115594000000001,
    "count": 50,
    "sum": 0.293971
  },
  "http_req_waiting": {
    "unit": "ms",
    "avg": 190.90906019999997,
    "p1": 174.53946374999998,
    "p5": 177.47961094999997,
    "p10": 178.679709,
    "p25": 181.85640475,
    "p50": 186.84197699999999,
    "p75": 193.5479805,
    "p90": 202.8612254,
    "p95": 227.1699669999999,
    "p99": 252.45486829999996,
    "min": 173.90316199999998,
    "max": 256.43089,
    "std": 16.562599508632044,
    "count": 50,
    "sum": 9545.45301
  },
  "http_req_sending": {
    "unit": "ms",
    "avg": 0.38183396000000003,
    "p1": 0.31074471,
    "p5": 0.318395,
    "p10": 0.3222609,
    "p25": 0.32664099999999996,
    "p50": 0.36234099999999997,
    "p75": 0.39255874999999996,
    "p90": 0.4560771,
    "p95": 0.5104344999999999,
    "p99": 0.6806195199999994,
    "min": 0.307962,
    "max": 0.813484,
    "std": 0.08141743682601657,
    "count": 50,
    "sum": 19.091697999999997
  },
  "http_req_data_received": {
    "unit": "KB",