{
  "schema_version": "1.3",
  "aiperf_version": "0.11.0",
  "benchmark_id": "8a0d9244ba18",
  "request_throughput": {
    "unit": "requests/sec",
    "avg": 0.22018631482303835
  },
  "request_latency": {
    "unit": "ms",
    "avg": 4533.31561267,
    "p1": 950.33514249,
    "p5": 1306.2546028499999,
    "p10": 1495.5572905999998,
    "p25": 1825.26010075,
    "p50": 2577.6192505,
    "p75": 3995.4196187499997,
    "p90": 7798.918473300001,
    "p95": 11466.469239349992,
    "p99": 39387.998590450065,
    "min": 882.121617,
    "max": 52088.876637999994,
    "std": 6879.509501147685,
    "count": 100,
    "sum": 453331.561267
  },
  "request_count": {
    "unit": "requests",
    "avg": 100.0
  },
  "time_to_first_token": {
    "unit": "ms",
    "avg": 189.29951072,
    "p1": 156.57175211,
    "p5": 161.0005529,
    "p10": 164.0871539,
    "p25": 170.21409774999998,
    "p50": 177.4026575,
    "p75": 194.38264974999998,
    "p90": 222.19335569999998,
    "p95": 238.35720434999993,
    "p99": 329.81465225000005,
    "min": 156.00716599999998,
    "max": 342.072164,
    "std": 34.83730924108334,
    "count": 100,
    "sum": 18929.951072
  },
  "time_to_second_token": {
    "unit": "ms",
    "avg": 27.43255163,
    "p1": 25.521834809999998,
    "p5": 25.64304875,
    "p10": 25.7961423,
    "p25": 26.240446249999998,
    "p50": 26.726058,
    "p75": 27.3254245,
    "p90": 28.4090848,
    "p95": 29.126440099999996,
    "p99": 31.535914900000247,
    "min": 25.375394999999997,
    "max": 79.636639,
    "std": 5.344898919714698,
    "count": 100,
    "sum": 2743.255163
  },
  "inter_token_latency": {
    "unit": "ms",
    "avg": 3.763608627787717,
    "p1": 2.924459285687482,
    "p5": 3.087217526470469,
    "p10": 3.2138088438084056,
    "p25": 3.391546761812294,
    "p50": 3.7275921538930867,
    "p75": 3.9970929188143756,
    "p90": 4.5102765226726165,
    "p95": 4.711181468721283,
    "p99": 5.258565767947943,
    "min": 2.875103848958333,
    "max": 5.321154245614035,
    "std": 0.5237277701617794,
    "count": 100,
    "sum": 376.3608627787716
  },
  "output_token_throughput": {
    "unit": "tokens/sec",
    "avg": 241.04896815252124
  },
  "output_token_throughput_per_user": {
    "unit": "tokens/sec/user",
    "avg": 270.467468550394,
    "p1": 190.16618948958092,
    "p5": 212.3002191381313,
    "p10": 221.7208955306194,
    "p25": 250.18185515365457,
    "p50": 268.2704055783048,
    "p75": 294.8665575434981,
    "p90": 311.1573444636297,
    "p95": 323.91737697549814,
    "p99": 341.94455392447315,
    "min": 187.9291510529413,
    "max": 347.8135234531809,
    "std": 34.78534996944139,
    "count": 100,
    "sum": 27046.746855039397
  },
  "output_sequence_length": {
    "unit": "tokens",
    "avg": 1094.75,
    "p1": 243.49,
    "p5": 281.9,
    "p10": 343.90000000000003,
    "p25": 432.75,
    "p50": 634.5,
    "p75": 1074.5,
    "p90": 2180.5000000000014,
    "p95": 2698.949999999998,
    "p99": 8709.490000000005,
    "min": 193.0,
    "max": 9748.0,
    "std": 1407.4462858311858,
    "count": 100,
    "sum": 109475.0
  },
  "input_sequence_length": {
    "unit": "tokens",
    "avg": 62.4,
    "p1": 11.98,
    "p5": 17.9,
    "p10": 20.9,
    "p25": 27.75,
    "p50": 46.5,
    "p75": 71.0,
    "p90": 110.10000000000001,
    "p95": 162.14999999999992,
    "p99": 363.02,
    "min": 10.0,
    "max": 365.0,
    "std": 58.64725057494171,
    "count": 100,
    "sum": 6240.0
  },
  "output_token_count": {
    "unit": "tokens",
    "avg": 1094.75,
    "p1": 243.49,
    "p5": 281.9,
    "p10": 343.90000000000003,
    "p25": 432.75,
    "p50": 634.5,
    "p75": 1074.5,
    "p90": 2180.5000000000014,
    "p95": 2698.949999999998,
    "p99": 8709.490000000005,
    "min": 193.0,
    "max": 9748.0,
    "std": 1407.4462858311858,
    "count": 100,
    "sum": 109475.0
  },
  "inter_chunk_latency": {
    "unit": "ms",
    "avg": 3.9716718646399998,
    "p1": 0.0,
    "p5": 0.0,
    "p10": 0.0,
    "p25": 0.0,
    "p50": 0.021285293312234475,
    "p75": 0.05081984874047709,
    "p90": 24.568484927772328,
    "p95": 25.304701785610607,
    "p99": 28.02316391502413,
    "min": 0.0,
    "max": 79.636639,
    "std": 9.178917228736072,
    "count": 109375,
    "sum": 434401.61019499996
  },
  "total_output_tokens": {
    "unit": "tokens",
    "avg": 109475.0
  },
  "benchmark_duration": {
    "unit": "sec",
    "avg": 454.16083229500003
  },
  "total_isl": {
    "unit": "tokens",
    "avg": 6240.0
  },
  "total_osl": {
    "unit": "tokens",
    "avg": 109475.0
  },
  "telemetry_data": {
    "summary": {
      "endpoints_configured": [],
      "endpoints_successful": [],
      "start_time": "2026-07-06T19:10:25.091682",
      "end_time": "2026-07-06T19:18:01.265560"
    },
    "endpoints": {},
    "error_summary": []
  },
  "input_config": {
    "models": {
      "items": [
        {
          "name": "qwen36-dflash10"
        }
      ]
    },
    "endpoint": {
      "urls": [
        "http://localhost:8001"
      ],
      "type": "chat",
      "streaming": true,
      "extra": {
        "temperature": 0,
        "top_p": 1.0,
        "top_k": 1
      }
    },
    "datasets": [
      {
        "name": "main",
        "type": "synthetic",
        "entries": 100,
        "random_seed": 42,
        "sampling": "sequential",
        "prompts": {
          "isl": {
            "mean": 550.0
          }
        }
      }
    ],
    "phases": [
      {
        "name": "profiling",
        "type": "concurrency",
        "requests": 100,
        "concurrency": 1
      }
    ],
    "artifacts": {
      "dir": "/home/luke/Documents/Code/DFlash/artifacts/dflash/accuracy/math_500",
      "records": [
        "jsonl"
      ],
      "auto_plot": false,
      "plot_required": false
    },
    "tokenizer": {
      "name": "Qwen/Qwen3.6-27B"
    },
    "gpu_telemetry": {
      "enabled": true
    },
    "server_metrics": {
      "enabled": true,
      "urls": [],
      "formats": [
        "json",
        "csv"
      ]
    },
    "network_latency": {
      "enabled": false
    },
    "otel": {},
    "mlflow": {},
    "wandb": {},
    "accuracy": {
      "benchmark": "math_500"
    }
  },
  "run_info": {
    "benchmark_id": "8a0d9244ba18",
    "random_seed": 42,
    "trial": 0,
    "cli_command": "aiperf profile --model 'qwen36-dflash10' --url 'http://localhost:8001' --endpoint-type 'chat' --streaming --tokenizer 'Qwen/Qwen3.6-27B' --accuracy-benchmark 'math_500' --num-dataset-entries 100 --dataset-sampling-strategy 'sequential' --request-count 100 --concurrency 1 --random-seed 42 --extra-inputs 'temperature:0' --extra-inputs 'top_p:1.0' --extra-inputs 'top_k:1' --output-artifact-dir '/home/luke/Documents/Code/DFlash/benchmark/../artifacts/dflash/accuracy/math_500'"
  },
  "was_cancelled": false,
  "error_summary": [],
  "start_time": "2026-07-06T19:10:25.091682",
  "end_time": "2026-07-06T19:17:59.261967",
  "http_req_connecting": {
    "unit": "ms",
    "avg": 0.23953110999999996,
    "p1": 0.21239920999999998,
    "p5": 0.21374895,
    "p10": 0.2154131,
    "p25": 0.220321,
    "p50": 0.22635999999999998,
    "p75": 0.23440075,
    "p90": 0.25873199999999996,
    "p95": 0.2772434999999999,
    "p99": 0.5213284000000009,
    "min": 0.211331,
    "max": 0.710062,
    "std": 0.05934322554780705,
    "count": 100,
    "sum": 23.953111
  },
  "http_req_sending": {
    "unit": "ms",
    "avg": 0.34441731,
    "p1": 0.30758548999999996,
    "p5": 0.310583,
    "p10": 0.3123179,
    "p25": 0.317206,
    "p50": 0.324901,
    "p75": 0.339761,
    "p90": 0.374308,
    "p95": 0.4095184999999999,
    "p99": 0.6840762000000016,
    "min": 0.30605,
    "max": 1.000302,
    "std": 0.07997027051107117,
    "count": 100,
    "sum": 34.441731
  },
  "http_req_receiving": {
    "unit": "ms",
    "avg": 4345.338244369999,
    "p1": 780.51311519,
    "p5": 1143.1387844,
    "p10": 1304.7901840999998,
    "p25": 1648.37971425,
    "p50": 2393.844722,
    "p75": 3807.4490634999997,