{
  "schema_version": "1.3",
  "aiperf_version": "0.11.0",
  "benchmark_id": "07f3f968d4d7",
  "request_throughput": {
    "unit": "requests/sec",
    "avg": 0.016490361731078648
  },
  "request_latency": {
    "unit": "ms",
    "avg": 60620.641346899996,
    "p1": 60549.40739319,
    "p5": 60558.44565795,
    "p10": 60569.7434889,
    "p25": 60591.13657625,
    "p50": 60615.694662999995,
    "p75": 60659.611007499996,
    "p90": 60675.860805699995,
    "p95": 60679.94295234999,
    "p99": 60683.20866967,
    "min": 60547.147827,
    "max": 60684.025099,
    "std": 43.802197906115,
    "count": 10,
    "sum": 606206.413469
  },
  "request_count": {
    "unit": "requests",
    "avg": 10.0
  },
  "time_to_first_token": {
    "unit": "ms",
    "avg": 1440.3651762999998,
    "p1": 1416.6730646400001,
    "p5": 1420.3735032,
    "p10": 1424.9990514,
    "p25": 1431.6640204999999,
    "p50": 1437.5006309999999,
    "p75": 1451.518501,
    "p90": 1460.2303527,
    "p95": 1462.3301593499998,
    "p99": 1464.01000467,
    "min": 1415.747955,
    "max": 1464.429966,
    "std": 14.579016403521397,
    "count": 10,
    "sum": 14403.651763
  },
  "time_to_second_token": {
    "unit": "ms",
    "avg": 15.610945099999999,
    "p1": 15.31896231,
    "p5": 15.32380755,
    "p10": 15.329864099999998,
    "p25": 15.406198,
    "p50": 15.603587,
    "p75": 15.77646875,
    "p90": 15.8919489,
    "p95": 15.911950949999998,
    "p99": 15.927952589999999,
    "min": 15.317751,
    "max": 15.931953,
    "std": 0.21416955269199678,
    "count": 10,
    "sum": 156.109451
  },
  "inter_token_latency": {
    "unit": "ms",
    "avg": 14.455723346202562,
    "p1": 14.443070536218857,
    "p5": 14.443212495456766,
    "p10": 14.443389944504151,
    "p25": 14.447330528160766,
    "p50": 14.456687717460317,
    "p75": 14.460997383410541,
    "p90": 14.463470077929552,
    "p95": 14.471414360480667,
    "p99": 14.477769786521561,
    "min": 14.44303504640938,
    "max": 14.479358643031784,
    "std": 0.01046656212107377,
    "count": 10,
    "sum": 144.5572334620256
  },
  "output_token_throughput": {
    "unit": "tokens/sec",
    "avg": 67.52638225259395
  },
  "output_token_throughput_per_user": {
    "unit": "tokens/sec/user",
    "avg": 69.17678901301178,
    "p1": 69.07142029774317,
    "p5": 69.10177149694125,
    "p10": 69.13971049593886,
    "p25": 69.15152366687157,
    "p50": 69.1721392358799,
    "p75": 69.21693936281638,
    "p90": 69.23582371655043,
    "p95": 69.23667435475636,
    "p99": 69.23735486532112,
    "min": 69.06383249794365,
    "max": 69.2375249929623,
    "std": 0.05005950636721194,
    "count": 10,
    "sum": 691.7678901301178
  },
  "output_sequence_length": {
    "unit": "tokens",
    "avg": 4094.9,
    "p1": 4091.18,
    "p5": 4091.9,
    "p10": 4092.8,
    "p25": 4095.0,
    "p50": 4095.5,
    "p75": 4096.0,
    "p90": 4096.0,
    "p95": 4096.0,
    "p99": 4096.0,
    "min": 4091.0,
    "max": 4096.0,
    "std": 1.57797338380595,
    "count": 10,
    "sum": 40949.0
  },
  "input_sequence_length": {
    "unit": "tokens",
    "avg": 4096.0,
    "p1": 4096.0,
    "p5": 4096.0,
    "p10": 4096.0,
    "p25": 4096.0,
    "p50": 4096.0,
    "p75": 4096.0,
    "p90": 4096.0,
    "p95": 4096.0,
    "p99": 4096.0,
    "min": 4096.0,
    "max": 4096.0,
    "std": 0.0,
    "count": 10,
    "sum": 40960.0
  },
  "output_token_count": {
    "unit": "tokens",
    "avg": 4094.9,
    "p1": 4091.18,
    "p5": 4091.9,
    "p10": 4092.8,
    "p25": 4095.0,
    "p50": 4095.5,
    "p75": 4096.0,
    "p90": 4096.0,
    "p95": 4096.0,
    "p99": 4096.0,
    "min": 4091.0,
    "max": 4096.0,
    "std": 1.57797338380595,
    "count": 10,
    "sum": 40949.0
  },
  "inter_chunk_latency": {
    "unit": "ms",
    "avg": 14.451837892698412,
    "p1": 14.11981025559947,
    "p5": 14.204170561542826,
    "p10": 14.243532006172835,
    "p25": 14.31062868502948,
    "p50": 14.409546450535231,
    "p75": 14.56755970531743,
    "p90": 14.677162516316002,
    "p95": 14.733417344106309,
    "p99": 14.966278560160426,
    "min": 13.726604,
    "max": 19.169199,
    "std": 0.23891415789245762,
    "count": 40950,
    "sum": 591802.761706
  },
  "total_output_tokens": {
    "unit": "tokens",
    "avg": 40949.0
  },
  "benchmark_duration": {
    "unit": "sec",
    "avg": 606.414835713
  },
  "total_isl": {
    "unit": "tokens",
    "avg": 40960.0
  },
  "total_osl": {
    "unit": "tokens",
    "avg": 40949.0
  },
  "telemetry_data": {
    "summary": {
      "endpoints_configured": [],
      "endpoints_successful": [],
      "start_time": "2026-07-05T22:15:54.470838",
      "end_time": "2026-07-05T22:26:02.910240"
    },
    "endpoints": {},
    "error_summary": []
  },
  "input_config": {
    "models": {
      "items": [
        {
          "name": "qwen3.6-27B"
        }
      ]
    },
    "endpoint": {
      "urls": [
        "http://localhost:8000"
      ],
      "type": "chat",
      "streaming": true,
      "extra": {
        "temperature": 0,
        "top_p": 1.0,
        "top_k": 1,
        "ignore_eos": true,
        "min_tokens": 4096
      }
    },
    "datasets": [
      {
        "name": "main",
        "type": "synthetic",
        "entries": 10,
        "random_seed": 42,
        "prompts": {
          "isl": {
            "mean": 4096.0,
            "stddev": 0.0
          },
          "osl": {
            "mean": 4096.0,
            "stddev": 0.0
          }
        }
      }
    ],
    "phases": [
      {
        "name": "warmup",
        "type": "concurrency",
        "exclude_from_results": true,
        "requests": 2,
        "concurrency": 1
      },
      {
        "name": "profiling",
        "type": "concurrency",
        "requests": 10,
        "concurrency": 1
      }
    ],
    "artifacts": {
      "dir": "/home/luke/Documents/Code/DFlash/artifacts/base/speed/isl4096_osl4096",
      "records": [
        "jsonl"
      ],
      "auto_plot": false,
      "plot_required": false
    },
    "tokenizer": {
      "name": "Qwen/Qwen3.6-27B"
    },
    "gpu_telemetry": {
      "enabled": true
    },
    "server_metrics": {
      "enabled": true,
      "urls": [],
      "formats": [
        "json",
        "csv"
      ]
    },
    "network_latency": {
      "enabled": false
    },
    "otel": {},
    "mlflow": {},
    "wandb": {}
  },
  "run_info": {
    "benchmark_id": "07f3f968d4d7",
    "random_seed": 42,
    "trial": 0,
    "cli_command": "aiperf profile --model 'qwen3.6-27B' --url 'http://localhost:8000' --endpoint-type 'chat' --streaming --tokenizer 'Qwen/Qwen3.6-27B' --synthetic-input-tokens-mean 4096 --synthetic-input-tokens-stddev 0 --output-tokens-mean 4096 --output-tokens-stddev 0 --extra-inputs 'temperature:0' --extra-inputs 'top_p:1.0' --extra-inputs 'top_k:1' --extra-inputs 'ignore_eos:true' --extra-inputs 'min_tokens:4096' --concurrency 1 --random-seed 42 --warmup-request-count 2 --request-count 10 --output-artifact-dir '/home/luke/Documents/Code/DFlash/benchmark/../artifacts/base/speed/isl4096_osl4096'"
  },
  "was_cancelled": false,
  "error_summary": [],
  "start_time": "2026-07-05T22:15:54.470838",
  "end_time": "2026-07-05T22:26:00.907689",
  "http_req_dns_lookup": {
    "unit": "ms",
    "avg": 0.0334181,
    "p1": 0.0,
    "p5": 0.0,
    "p10": 0.0,
    "p25": 0.0,
    "p50": 0.0,
    "p75": 0.0,
    "p90": 0.15480209999999997,
    "p95": 0.16862654999999996,
    "p99": 0.17968611,
    "min": 0.0,
    "max": 0.182451,
    "std": 0.06718829230223075,
    "count": 10,
    "sum": 0.334181
  },
  "http_req_blocked": {
    "unit": "ms",
    "avg": 0.0,
    "p1": 0.0,
    "p5": 0.0,
    "p10": 0.0,
    "p25": 0.0,
    "p50": 0.0,
    "p75": 0.0,
    "p90": 0.0,
    "p95": 0.0,
    "p99": 0.0,
    "min": 0.0,
    "max": 0.0,
    "std": 0.0,
    "count": 10,
    "sum": 0.0
  },
  "http_req_connecting": {
    "unit": "ms",
    "avg": 0.27876609999999996,
    "p1": 0.21155739999999998,
    "p5": 0.21190299999999998,
    "p10": 0.212335,