{
  "schema_version": "1.3",
  "aiperf_version": "0.11.0",
  "benchmark_id": "fc437ccec158",
  "request_throughput": {
    "unit": "requests/sec",
    "avg": 0.053969511263977095
  },
  "request_latency": {
    "unit": "ms",
    "avg": 18518.14351583,
    "p1": 1250.79686084,
    "p5": 1326.4221577,
    "p10": 1638.6272459,
    "p25": 4992.5584615,
    "p50": 10402.5735665,
    "p75": 26082.685708499997,
    "p90": 39770.967518200036,
    "p95": 57987.04611049998,
    "p99": 88067.62232684017,
    "min": 1197.825509,
    "max": 120475.54555099999,
    "std": 20976.57792089828,
    "count": 100,
    "sum": 1851814.3515829998
  },
  "request_count": {
    "unit": "requests",
    "avg": 100.0
  },
  "time_to_first_token": {
    "unit": "ms",
    "avg": 1080.1498236099999,
    "p1": 319.09702245999995,
    "p5": 571.3196105499999,
    "p10": 690.2346259,
    "p25": 1055.6689099999999,
    "p50": 1140.8941065,
    "p75": 1230.8066345,
    "p90": 1296.1138989,
    "p95": 1381.1168365499998,
    "p99": 1449.2618167800003,
    "min": 245.927257,
    "max": 1553.5939349999999,
    "std": 252.04619680813335,
    "count": 100,
    "sum": 108014.982361
  },
  "time_to_second_token": {
    "unit": "ms",
    "avg": 30.53219314,
    "p1": 28.2641571,
    "p5": 28.513400899999997,
    "p10": 28.626070499999997,
    "p25": 28.98057,
    "p50": 30.245876,
    "p75": 31.777941249999998,
    "p90": 32.8758781,
    "p95": 33.5609136,
    "p99": 34.791080609999995,
    "min": 28.171107,
    "max": 35.044185,
    "std": 1.7374502963114313,
    "count": 100,
    "sum": 3053.219314
  },
  "inter_token_latency": {
    "unit": "ms",
    "avg": 6.054674801861868,
    "p1": 2.980058251973684,
    "p5": 3.494007232166048,
    "p10": 3.840093231053491,
    "p25": 5.2591004191992985,
    "p50": 6.304926515373305,
    "p75": 7.088569633423121,
    "p90": 7.481942792024847,
    "p95": 7.799242080104507,
    "p99": 7.932577603047901,
    "min": 2.7018827763157898,
    "max": 8.150283374117647,
    "std": 1.3255058354690448,
    "count": 100,
    "sum": 605.4674801861867
  },
  "output_token_throughput": {
    "unit": "tokens/sec",
    "avg": 140.42650952841782
  },
  "output_token_throughput_per_user": {
    "unit": "tokens/sec/user",
    "avg": 176.0657337065085,
    "p1": 126.06336262537383,
    "p5": 128.21758713922534,
    "p10": 133.65525084566266,
    "p25": 141.07272201979526,
    "p50": 158.60665777577736,
    "p75": 190.14662191480855,
    "p90": 260.4236303228148,
    "p95": 286.2606570284064,
    "p99": 335.59645478347346,
    "min": 122.69512041454145,
    "max": 370.1122819856646,
    "std": 51.77693314980391,
    "count": 100,
    "sum": 17606.573370650854
  },
  "output_sequence_length": {
    "unit": "tokens",
    "avg": 2601.96,
    "p1": 44.93,
    "p5": 106.5,
    "p10": 169.5,
    "p25": 582.75,
    "p50": 1529.5,
    "p75": 3750.5,
    "p90": 5825.200000000001,
    "p95": 8470.9,
    "p99": 12282.320000000034,
    "min": 38.0,
    "max": 19046.0,
    "std": 3034.038058166047,
    "count": 100,
    "sum": 260196.0
  },
  "output_token_count": {
    "unit": "tokens",
    "avg": 2601.96,
    "p1": 44.93,
    "p5": 106.5,
    "p10": 169.5,
    "p25": 582.75,
    "p50": 1529.5,
    "p75": 3750.5,
    "p90": 5825.200000000001,
    "p95": 8470.9,
    "p99": 12282.320000000034,
    "min": 38.0,
    "max": 19046.0,
    "std": 3034.038058166047,
    "count": 100,
    "sum": 260196.0
  },
  "inter_chunk_latency": {
    "unit": "ms",
    "avg": 6.704574049936368,
    "p1": 0.0,
    "p5": 0.0,
    "p10": 0.0,
    "p25": 0.0,
    "p50": 0.042638612295731466,
    "p75": 0.1296567856311382,
    "p90": 28.414821737456887,
    "p95": 30.19177493724658,
    "p99": 31.80673927092539,
    "min": 0.0,
    "max": 41.008269999999996,
    "std": 12.11218695646279,
    "count": 260091,
    "sum": 1743799.369222
  },
  "total_output_tokens": {
    "unit": "tokens",
    "avg": 260196.0
  },
  "benchmark_duration": {
    "unit": "sec",
    "avg": 1852.898009598
  },
  "total_osl": {
    "unit": "tokens",
    "avg": 260196.0
  },
  "telemetry_data": {
    "summary": {
      "endpoints_configured": [],
      "endpoints_successful": [],
      "start_time": "2026-07-10T15:54:58.678157",
      "end_time": "2026-07-10T16:25:53.581935"
    },
    "endpoints": {},
    "error_summary": []
  },
  "input_config": {
    "models": {
      "items": [
        {
          "name": "qwen36-dflash15"
        }
      ]
    },
    "endpoint": {
      "urls": [
        "http://localhost:8001"
      ],
      "type": "chat",
      "streaming": true
    },
    "datasets": [
      {
        "name": "main",
        "type": "file",
        "path": "/home/luke/Documents/Code/DFlash/benchmark/../artifacts/dflash/lcb_speed/inputs.patched.json",
        "format": "inputs_json",
        "sampling": "sequential",
        "entries": 100,
        "random_seed": 42
      }
    ],
    "phases": [
      {
        "name": "warmup",
        "type": "concurrency",
        "exclude_from_results": true,
        "requests": 1,
        "concurrency": 1
      },
      {
        "name": "profiling",
        "type": "concurrency",
        "requests": 100,
        "concurrency": 1
      }
    ],
    "artifacts": {
      "dir": "/home/luke/Documents/Code/DFlash/artifacts/dflash/lcb_speed",
      "records": [
        "jsonl"
      ],
      "auto_plot": false,
      "plot_required": false
    },
    "tokenizer": {
      "name": "Qwen/Qwen3.6-27B"
    },
    "gpu_telemetry": {
      "enabled": true
    },
    "server_metrics": {
      "enabled": true,
      "urls": [],
      "formats": [
        "json",
        "csv"
      ]
    },
    "network_latency": {
      "enabled": false
    },
    "otel": {},
    "mlflow": {},
    "wandb": {}
  },
  "run_info": {
    "benchmark_id": "fc437ccec158",
    "random_seed": 42,
    "trial": 0,
    "cli_command": "aiperf profile --model 'qwen36-dflash15' --url 'http://localhost:8001' --endpoint-type 'chat' --streaming --tokenizer 'Qwen/Qwen3.6-27B' --custom-dataset-type 'inputs_json' --input-file '/home/luke/Documents/Code/DFlash/benchmark/../artifacts/dflash/lcb_speed/inputs.patched.json' --dataset-sampling-strategy 'sequential' --concurrency 1 --random-seed 42 --warmup-request-count 1 --request-count 100 --output-artifact-dir '/home/luke/Documents/Code/DFlash/benchmark/../artifacts/dflash/lcb_speed'"
  },
  "was_cancelled": false,
  "error_summary": [],
  "start_time": "2026-07-10T15:54:58.678157",
  "end_time": "2026-07-10T16:25:51.578031",
  "http_req_connecting": {
    "unit": "ms",
    "avg": 0.2491555,
    "p1": 0.21624,
    "p5": 0.22079,
    "p10": 0.22404,
    "p25": 0.23031849999999998,
    "p50": 0.23848049999999998,
    "p75": 0.2534085,
    "p90": 0.272376,
    "p95": 0.3000930499999998,
    "p99": 0.39846209000000005,
    "min": 0.214161,
    "max": 0.420251,
    "std": 0.03658831809567092,
    "count": 100,
    "sum": 24.91555
  },
  "http_req_dns_lookup": {
    "unit": "ms",
    "avg": 0.00861543,
    "p1": 0.0,
    "p5": 0.0,
    "p10": 0.0,
    "p25": 0.0,
    "p50": 0.0,
    "p75": 0.0,
    "p90": 0.0,
    "p95": 0.008118549999999537,
    "p99": 0.17390241000000006,
    "min": 0.0,
    "max": 0.183051,
    "std": 0.03758346957566717,
    "count": 100,
    "sum": 0.861543
  },
  "http_req_waiting": {
    "unit": "ms",
    "avg": 1079.73845803,
    "p1": 318.68019286,
    "p5": 570.9454440499999,
    "p10": 689.8203059,
    "p25": 1055.2610605,
    "p50": 1140.4635094999999,
    "p75": 1230.39714275,
    "p90": 1295.7376657999998,
    "p95": 1380.6975191,
    "p99": 1448.8060407800003,
    "min": 245.480965,
    "max": 1553.155583,
    "std": 252.04026458695395,
    "count": 100,
    "sum": 107973.84580299999
  },
  "http_req_blocked": {
    "unit": "ms",
    "avg": 0.0,
    "p1": 0.0,
    "p5": 0.0,
    "p10": 0.0,
    "p25": 0.0,
    "p50": 0.0,
    "p75": 0.0,
    "p90": 0.0,
    "p95": 0.0,
    "p99": 0.0,
    "min": 0.0,
    "max": 0.0,
    "std": 0.0,
    "count": 100,