{
  "schema_version": "1.3",
  "aiperf_version": "0.11.0",
  "benchmark_id": "2214e4fee745",
  "request_throughput": {
    "unit": "requests/sec",
    "avg": 0.1320828729868223
  },
  "request_latency": {
    "unit": "ms",
    "avg": 7566.855771133333,
    "p1": 7524.11822471,
    "p5": 7535.361172149999,
    "p10": 7541.0907776,
    "p25": 7556.57618525,
    "p50": 7563.604077999999,
    "p75": 7578.620799249999,
    "p90": 7593.1675231,
    "p95": 7604.775312149999,
    "p99": 7615.03284739,
    "min": 7520.420145,
    "max": 7619.218564999999,
    "std": 21.34530735921845,
    "count": 30,
    "sum": 227005.67313399998
  },
  "request_count": {
    "unit": "requests",
    "avg": 30.0
  },
  "time_to_first_token": {
    "unit": "ms",
    "avg": 310.0275822666666,
    "p1": 292.69233146,
    "p5": 293.49887444999996,
    "p10": 294.27526869999997,
    "p25": 297.21096274999996,
    "p50": 308.2176255,
    "p75": 318.20070675,
    "p90": 321.66404539999996,
    "p95": 325.20809169999995,
    "p99": 362.72921840000004,
    "min": 292.411213,
    "max": 377.15020499999997,
    "std": 16.280221308281487,
    "count": 30,
    "sum": 9300.827468
  },
  "time_to_second_token": {
    "unit": "ms",
    "avg": 15.562034433333332,
    "p1": 15.1771605,
    "p5": 15.21862545,
    "p10": 15.298818099999998,
    "p25": 15.4501645,
    "p50": 15.562256999999999,
    "p75": 15.64540025,
    "p90": 15.835529999999999,
    "p95": 15.916131449999998,
    "p99": 16.01209281,
    "min": 15.17616,
    "max": 16.025783999999998,
    "std": 0.19893959713401843,
    "count": 30,
    "sum": 466.86103299999996
  },
  "inter_token_latency": {
    "unit": "ms",
    "avg": 14.202153583814125,
    "p1": 14.149777052700586,
    "p5": 14.165970721999539,
    "p10": 14.168871086667435,
    "p25": 14.180613716242659,
    "p50": 14.197691614481407,
    "p75": 14.218056063111545,
    "p90": 14.234587404305282,
    "p95": 14.264043352837572,
    "p99": 14.280329031135029,
    "min": 14.144099512720155,
    "max": 14.281110681017612,
    "std": 0.030860192201619018,
    "count": 30,
    "sum": 426.06460751442376
  },
  "output_token_throughput": {
    "unit": "tokens/sec",
    "avg": 67.62202820682013
  },
  "output_token_throughput_per_user": {
    "unit": "tokens/sec/user",
    "avg": 70.41218839469678,
    "p1": 70.02639821221545,
    "p5": 70.10643590553606,
    "p10": 70.25142696905101,
    "p25": 70.33310350885144,
    "p50": 70.43398559276879,
    "p75": 70.5188100040244,
    "p90": 70.57725304214296,
    "p95": 70.59170540870045,
    "p99": 70.67251944782771,
    "min": 70.02256493461643,
    "max": 70.70086003712531,
    "std": 0.15274616155175275,
    "count": 30,
    "sum": 2112.365651840904
  },
  "output_sequence_length": {
    "unit": "tokens",
    "avg": 511.96666666666664,
    "p1": 511.29,
    "p5": 512.0,
    "p10": 512.0,
    "p25": 512.0,
    "p50": 512.0,
    "p75": 512.0,
    "p90": 512.0,
    "p95": 512.0,
    "p99": 512.0,
    "min": 511.0,
    "max": 512.0,
    "std": 0.1795054935711501,
    "count": 30,
    "sum": 15359.0
  },
  "input_sequence_length": {
    "unit": "tokens",
    "avg": 512.0,
    "p1": 512.0,
    "p5": 512.0,
    "p10": 512.0,
    "p25": 512.0,
    "p50": 512.0,
    "p75": 512.0,
    "p90": 512.0,
    "p95": 512.0,
    "p99": 512.0,
    "min": 512.0,
    "max": 512.0,
    "std": 0.0,
    "count": 30,
    "sum": 15360.0
  },
  "output_token_count": {
    "unit": "tokens",
    "avg": 511.96666666666664,
    "p1": 511.29,
    "p5": 512.0,
    "p10": 512.0,
    "p25": 512.0,
    "p50": 512.0,
    "p75": 512.0,
    "p90": 512.0,
    "p95": 512.0,
    "p99": 512.0,
    "min": 511.0,
    "max": 512.0,
    "std": 0.1795054935711501,
    "count": 30,
    "sum": 15359.0
  },
  "inter_chunk_latency": {
    "unit": "ms",
    "avg": 14.449116988517952,
    "p1": 13.882463512500001,
    "p5": 13.96750412075188,
    "p10": 14.004265681182266,
    "p25": 14.06132726923077,
    "p50": 14.142339700376914,
    "p75": 14.308072497351695,
    "p90": 14.414657348710803,
    "p95": 14.509114503549382,
    "p99": 16.45338281455882,
    "min": 13.640882999999999,
    "max": 60.809922,
    "std": 3.0774639842068376,
    "count": 15067,
    "sum": 217704.84566599998
  },
  "total_output_tokens": {
    "unit": "tokens",
    "avg": 15359.0
  },
  "benchmark_duration": {
    "unit": "sec",
    "avg": 227.13012915000002
  },
  "total_isl": {
    "unit": "tokens",
    "avg": 15360.0
  },
  "total_osl": {
    "unit": "tokens",
    "avg": 15359.0
  },
  "telemetry_data": {
    "summary": {
      "endpoints_configured": [],
      "endpoints_successful": [],
      "start_time": "2026-07-05T22:09:58.869680",
      "end_time": "2026-07-05T22:13:48.005933"
    },
    "endpoints": {},
    "error_summary": []
  },
  "input_config": {
    "models": {
      "items": [
        {
          "name": "qwen3.6-27B"
        }
      ]
    },
    "endpoint": {
      "urls": [
        "http://localhost:8000"
      ],
      "type": "chat",
      "streaming": true,
      "extra": {
        "temperature": 0,
        "top_p": 1.0,
        "top_k": 1,
        "ignore_eos": true,
        "min_tokens": 512
      }
    },
    "datasets": [
      {
        "name": "main",
        "type": "synthetic",
        "entries": 30,
        "random_seed": 42,
        "prompts": {
          "isl": {
            "mean": 512.0,
            "stddev": 0.0
          },
          "osl": {
            "mean": 512.0,
            "stddev": 0.0
          }
        }
      }
    ],
    "phases": [
      {
        "name": "warmup",
        "type": "concurrency",
        "exclude_from_results": true,
        "requests": 2,
        "concurrency": 1
      },
      {
        "name": "profiling",
        "type": "concurrency",
        "requests": 30,
        "concurrency": 1
      }
    ],
    "artifacts": {
      "dir": "/home/luke/Documents/Code/DFlash/artifacts/base/speed/isl512_osl512",
      "records": [
        "jsonl"
      ],
      "auto_plot": false,
      "plot_required": false
    },
    "tokenizer": {
      "name": "Qwen/Qwen3.6-27B"
    },
    "gpu_telemetry": {
      "enabled": true
    },
    "server_metrics": {
      "enabled": true,
      "urls": [],
      "formats": [
        "json",
        "csv"
      ]
    },
    "network_latency": {
      "enabled": false
    },
    "otel": {},
    "mlflow": {},
    "wandb": {}
  },
  "run_info": {
    "benchmark_id": "2214e4fee745",
    "random_seed": 42,
    "trial": 0,
    "cli_command": "aiperf profile --model 'qwen3.6-27B' --url 'http://localhost:8000' --endpoint-type 'chat' --streaming --tokenizer 'Qwen/Qwen3.6-27B' --synthetic-input-tokens-mean 512 --synthetic-input-tokens-stddev 0 --output-tokens-mean 512 --output-tokens-stddev 0 --extra-inputs 'temperature:0' --extra-inputs 'top_p:1.0' --extra-inputs 'top_k:1' --extra-inputs 'ignore_eos:true' --extra-inputs 'min_tokens:512' --concurrency 1 --random-seed 42 --warmup-request-count 2 --request-count 30 --output-artifact-dir '/home/luke/Documents/Code/DFlash/benchmark/../artifacts/base/speed/isl512_osl512'"
  },
  "was_cancelled": false,
  "error_summary": [],
  "start_time": "2026-07-05T22:09:58.869680",
  "end_time": "2026-07-05T22:13:46.003199",
  "http_req_duration": {
    "unit": "ms",
    "avg": 7567.360626433333,
    "p1": 7533.55460005,
    "p5": 7536.029343949999,
    "p10": 7541.1357806999995,
    "p25": 7556.59315525,
    "p50": 7563.6926735,
    "p75": 7578.759287,
    "p90": 7593.187174,
    "p95": 7604.800242699999,
    "p99": 7615.07880829,
    "min": 7533.2211449999995,
    "max": 7619.2693659999995,
    "std": 20.463409984598442,
    "count": 30,
    "sum": 227020.81879299998
  },
  "http_req_chunks_sent": {
    "unit": "count",
    "avg": 1.0,
    "p1": 1.0,
    "p5": 1.0,
    "p10": 1.0,
    "p25": 1.0,
    "p50": 1.0,
    "p75": 1.0,
    "p90": 1.0,
    "p95": 1.0,
    "p99": 1.0,
    "min": 1.0,
    "max": 1.0,
    "std": 0.0,
    "count": 30,
    "sum": 30.0
  },