{
  "schema_version": "1.3",
  "aiperf_version": "0.11.0",
  "benchmark_id": "47bc6324ef90",
  "request_throughput": {
    "unit": "requests/sec",
    "avg": 0.05477133518321563
  },
  "request_latency": {
    "unit": "ms",
    "avg": 18245.94915247,
    "p1": 1298.20543731,
    "p5": 1359.30136065,
    "p10": 1657.9642696,
    "p25": 4779.673268,
    "p50": 12205.0299225,
    "p75": 25926.53557025,
    "p90": 45482.490686,
    "p95": 59033.74508735,
    "p99": 70390.24832136021,
    "min": 1125.629856,
    "max": 112705.407309,
    "std": 19581.05505031402,
    "count": 100,
    "sum": 1824594.9152469998
  },
  "request_count": {
    "unit": "requests",
    "avg": 100.0
  },
  "time_to_first_token": {
    "unit": "ms",
    "avg": 1029.3061720399999,
    "p1": 327.48361551999994,
    "p5": 576.218201,
    "p10": 656.0038597999999,
    "p25": 1007.3819619999999,
    "p50": 1093.6257,
    "p75": 1159.5033545,
    "p90": 1228.9488011,
    "p95": 1260.8788495999997,
    "p99": 1301.27111148,
    "min": 236.32664499999998,
    "max": 1305.108102,
    "std": 222.70579593985477,
    "count": 100,
    "sum": 102930.617204
  },
  "time_to_second_token": {
    "unit": "ms",
    "avg": 69.13453270999999,
    "p1": 28.312732179999998,
    "p5": 28.41710255,
    "p10": 28.7437291,
    "p25": 30.523303,
    "p50": 83.1962695,
    "p75": 88.28996149999999,
    "p90": 97.56538330000001,
    "p95": 100.5754908,
    "p99": 115.99591995000027,
    "min": 28.111383999999997,
    "max": 168.88161599999998,
    "std": 30.33745572805431,
    "count": 100,
    "sum": 6913.453270999999
  },
  "inter_token_latency": {
    "unit": "ms",
    "avg": 6.208867974698442,
    "p1": 3.1357120534309826,
    "p5": 3.756639977540391,
    "p10": 4.277260732593682,
    "p25": 5.455691987572764,
    "p50": 6.488432866930606,
    "p75": 7.157640639994285,
    "p90": 7.602295026185045,
    "p95": 7.8444724136665345,
    "p99": 8.281866720269813,
    "min": 2.6427505789473686,
    "max": 8.45907749159664,
    "std": 1.2760441811197905,
    "count": 100,
    "sum": 620.8867974698442
  },
  "output_token_throughput": {
    "unit": "tokens/sec",
    "avg": 137.577925993312
  },
  "output_token_throughput_per_user": {
    "unit": "tokens/sec/user",
    "avg": 170.3299267276456,
    "p1": 120.7462716587493,
    "p5": 127.47836514588644,
    "p10": 131.53925253185122,
    "p25": 139.71094242695773,
    "p50": 154.1209180928983,
    "p75": 183.3713706519454,
    "p90": 233.79789894878908,
    "p95": 266.2218135214934,
    "p99": 319.00114629219246,
    "min": 118.21620040641706,
    "max": 378.3936357695583,
    "std": 47.222223052720246,
    "count": 100,
    "sum": 17032.99267276457
  },
  "output_sequence_length": {
    "unit": "tokens",
    "avg": 2511.86,
    "p1": 44.93,
    "p5": 106.5,
    "p10": 150.6,
    "p25": 582.75,
    "p50": 1620.5,
    "p75": 3235.5,
    "p90": 6544.0,
    "p95": 7862.749999999997,
    "p99": 9331.380000000036,
    "min": 38.0,
    "max": 16200.0,
    "std": 2732.9889974897446,
    "count": 100,
    "sum": 251186.0
  },
  "output_token_count": {
    "unit": "tokens",
    "avg": 2511.86,
    "p1": 44.93,
    "p5": 106.5,
    "p10": 150.6,
    "p25": 582.75,
    "p50": 1620.5,
    "p75": 3235.5,
    "p90": 6544.0,
    "p95": 7862.749999999997,
    "p99": 9331.380000000036,
    "min": 38.0,
    "max": 16200.0,
    "std": 2732.9889974897446,
    "count": 100,
    "sum": 251186.0
  },
  "inter_chunk_latency": {
    "unit": "ms",
    "avg": 6.857307914298801,
    "p1": 0.0,
    "p5": 0.0,
    "p10": 0.0,
    "p25": 0.0,
    "p50": 0.0417398400195911,
    "p75": 0.14740403816761813,
    "p90": 27.964545574363672,
    "p95": 29.732267891153125,
    "p99": 32.00454807511802,
    "min": 0.0,
    "max": 168.88161599999998,
    "std": 12.522962538870033,
    "count": 251070,
    "sum": 1721664.2980429998
  },
  "total_output_tokens": {
    "unit": "tokens",
    "avg": 251186.0
  },
  "benchmark_duration": {
    "unit": "sec",
    "avg": 1825.772544443
  },
  "total_osl": {
    "unit": "tokens",
    "avg": 251186.0
  },
  "telemetry_data": {
    "summary": {
      "endpoints_configured": [],
      "endpoints_successful": [],
      "start_time": "2026-07-10T14:53:01.909352",
      "end_time": "2026-07-10T15:23:29.686941"
    },
    "endpoints": {},
    "error_summary": []
  },
  "input_config": {
    "models": {
      "items": [
        {
          "name": "qwen36-dflash-ngram"
        }
      ]
    },
    "endpoint": {
      "urls": [
        "http://localhost:8001"
      ],
      "type": "chat",
      "streaming": true
    },
    "datasets": [
      {
        "name": "main",
        "type": "file",
        "path": "/home/luke/Documents/Code/DFlash/benchmark/../artifacts/dflash_ngram/lcb_speed/inputs.patched.json",
        "format": "inputs_json",
        "sampling": "sequential",
        "entries": 100,
        "random_seed": 42
      }
    ],
    "phases": [
      {
        "name": "warmup",
        "type": "concurrency",
        "exclude_from_results": true,
        "requests": 1,
        "concurrency": 1
      },
      {
        "name": "profiling",
        "type": "concurrency",
        "requests": 100,
        "concurrency": 1
      }
    ],
    "artifacts": {
      "dir": "/home/luke/Documents/Code/DFlash/artifacts/dflash_ngram/lcb_speed",
      "records": [
        "jsonl"
      ],
      "auto_plot": false,
      "plot_required": false
    },
    "tokenizer": {
      "name": "Qwen/Qwen3.6-27B"
    },
    "gpu_telemetry": {
      "enabled": true
    },
    "server_metrics": {
      "enabled": true,
      "urls": [],
      "formats": [
        "json",
        "csv"
      ]
    },
    "network_latency": {
      "enabled": false
    },
    "otel": {},
    "mlflow": {},
    "wandb": {}
  },
  "run_info": {
    "benchmark_id": "47bc6324ef90",
    "random_seed": 42,
    "trial": 0,
    "cli_command": "aiperf profile --model 'qwen36-dflash-ngram' --url 'http://localhost:8001' --endpoint-type 'chat' --streaming --tokenizer 'Qwen/Qwen3.6-27B' --custom-dataset-type 'inputs_json' --input-file '/home/luke/Documents/Code/DFlash/benchmark/../artifacts/dflash_ngram/lcb_speed/inputs.patched.json' --dataset-sampling-strategy 'sequential' --concurrency 1 --random-seed 42 --warmup-request-count 1 --request-count 100 --output-artifact-dir '/home/luke/Documents/Code/DFlash/benchmark/../artifacts/dflash_ngram/lcb_speed'"
  },
  "was_cancelled": false,
  "error_summary": [],
  "start_time": "2026-07-10T14:53:01.909352",
  "end_time": "2026-07-10T15:23:27.683606",
  "http_req_blocked": {
    "unit": "ms",
    "avg": 0.0,
    "p1": 0.0,
    "p5": 0.0,
    "p10": 0.0,
    "p25": 0.0,
    "p50": 0.0,
    "p75": 0.0,
    "p90": 0.0,
    "p95": 0.0,
    "p99": 0.0,
    "min": 0.0,
    "max": 0.0,
    "std": 0.0,
    "count": 100,
    "sum": 0.0
  },
  "http_req_receiving": {
    "unit": "ms",
    "avg": 17220.391089779998,
    "p1": 200.07877315,
    "p5": 372.94751805,
    "p10": 732.5947944,
    "p25": 3704.52978725,
    "p50": 11097.729089499999,
    "p75": 24695.58963625,
    "p90": 44361.912200499995,
    "p95": 57863.05295404999,
    "p99": 69171.28377001022,
    "min": 116.686039,
    "max": 112284.26323,
    "std": 19598.11348976669,
    "count": 100,
    "sum": 1722039.108978
  },
  "http_req_waiting": {
    "unit": "ms",
    "avg": 1028.8975873,
    "p1": 327.10793041,
    "p5": 575.8190985,
    "p10": 655.5773367,
    "p25": 1007.00064125,
    "p50": 1093.2430594999998,
    "p75": 1159.1283027499999,
    "p90": 1228.553484,
    "p95": 1260.4266849,
    "p99": 1300.7536299,
    "min": 235.877392,
    "max": 1304.706393,
    "std": 222.70823264063165,
    "count": 100,
    "sum": 102889.75873
  },
  "http_req_dns_lookup": {
    "unit": "ms",
    "avg": 0.007760609999999999,
    "p1": 0.0,
    "p5": 0.0,
    "p10": 0.0,
    "p25": 0.0,
    "p50": 0.0,
    "p75": 0.0,
    "p90": 0.0,
    "p95": 0.0066979499999996195,
    "p99": 0.16726341000000006,
    "min": 0.0,
    "max": 0.179481,