{
  "schema_version": "1.3",
  "aiperf_version": "0.11.0",
  "benchmark_id": "4669ff23c5d7",
  "request_throughput": {
    "unit": "requests/sec",
    "avg": 0.05652320655785843
  },
  "request_latency": {
    "unit": "ms",
    "avg": 17672.993902299997,
    "p1": 10034.131978989999,
    "p5": 11613.90669895,
    "p10": 13588.625098899998,
    "p25": 16019.10974525,
    "p50": 18426.5676365,
    "p75": 20486.17919825,
    "p90": 20992.1510547,
    "p95": 21575.722946849997,
    "p99": 22042.58046057,
    "min": 9639.188299,
    "max": 22159.294839,
    "std": 3610.4592399198773,
    "count": 10,
    "sum": 176729.93902299998
  },
  "request_count": {
    "unit": "requests",
    "avg": 10.0
  },
  "time_to_first_token": {
    "unit": "ms",
    "avg": 1682.5711275999997,
    "p1": 1573.6845787299999,
    "p5": 1592.84842165,
    "p10": 1616.8032253,
    "p25": 1653.5084445,
    "p50": 1666.3519004999998,
    "p75": 1710.6989522499998,
    "p90": 1775.1059870999998,
    "p95": 1797.7655890499998,
    "p99": 1815.8932706099997,
    "min": 1568.8936179999998,
    "max": 1820.4251909999998,
    "std": 68.41563297855599,
    "count": 10,
    "sum": 16825.711275999998
  },
  "time_to_second_token": {
    "unit": "ms",
    "avg": 31.0842973,
    "p1": 29.409675989999997,
    "p5": 29.49496395,
    "p10": 29.601573899999998,
    "p25": 29.8965745,
    "p50": 30.346425999999997,
    "p75": 32.6506475,
    "p90": 33.371527199999996,
    "p95": 33.6507981,
    "p99": 33.87421482,
    "min": 29.388354,
    "max": 33.930068999999996,
    "std": 1.6402771615972132,
    "count": 10,
    "sum": 310.842973
  },
  "inter_token_latency": {
    "unit": "ms",
    "avg": 3.9093511378069827,
    "p1": 2.0455784086142823,
    "p5": 2.439201540507308,
    "p10": 2.931230455373591,
    "p25": 3.4774000199061974,
    "p50": 4.100614969765938,
    "p75": 4.614629469719169,
    "p90": 4.696916044009162,
    "p95": 4.852381217874571,
    "p99": 4.976753356966898,
    "min": 1.9471726256410256,
    "max": 5.00784639173998,
    "std": 0.8822059483504037,
    "count": 10,
    "sum": 39.09351137806982
  },
  "output_token_throughput": {
    "unit": "tokens/sec",
    "avg": 231.19687178360834
  },
  "output_token_throughput_per_user": {
    "unit": "tokens/sec/user",
    "avg": 274.88847022369646,
    "p1": 201.0183334583671,
    "p5": 206.34512294940885,
    "p10": 213.00360981321103,
    "p25": 216.705202635864,
    "p50": 244.14691063054713,
    "p75": 287.6576246014661,
    "p90": 347.35362618100135,
    "p95": 430.459387689091,
    "p99": 496.94399689556303,
    "min": 199.68663608560666,
    "max": 513.565149197181,
    "std": 88.3958387588551,
    "count": 10,
    "sum": 2748.884702236964
  },
  "output_sequence_length": {
    "unit": "tokens",
    "avg": 4090.3,
    "p1": 4051.96,
    "p5": 4067.8,
    "p10": 4087.6,
    "p25": 4093.25,
    "p50": 4096.0,
    "p75": 4096.0,
    "p90": 4096.0,
    "p95": 4096.0,
    "p99": 4096.0,
    "min": 4048.0,
    "max": 4096.0,
    "std": 14.170744511139844,
    "count": 10,
    "sum": 40903.0
  },
  "input_sequence_length": {
    "unit": "tokens",
    "avg": 4096.0,
    "p1": 4096.0,
    "p5": 4096.0,
    "p10": 4096.0,
    "p25": 4096.0,
    "p50": 4096.0,
    "p75": 4096.0,
    "p90": 4096.0,
    "p95": 4096.0,
    "p99": 4096.0,
    "min": 4096.0,
    "max": 4096.0,
    "std": 0.0,
    "count": 10,
    "sum": 40960.0
  },
  "output_token_count": {
    "unit": "tokens",
    "avg": 4090.3,
    "p1": 4051.96,
    "p5": 4067.8,
    "p10": 4087.6,
    "p25": 4093.25,
    "p50": 4096.0,
    "p75": 4096.0,
    "p90": 4096.0,
    "p95": 4096.0,
    "p99": 4096.0,
    "min": 4048.0,
    "max": 4096.0,
    "std": 14.170744511139844,
    "count": 10,
    "sum": 40903.0
  },
  "inter_chunk_latency": {
    "unit": "ms",
    "avg": 4.287896271237798,
    "p1": 0.0,
    "p5": 0.0,
    "p10": 0.0,
    "p25": 0.017319921296296295,
    "p50": 0.034682058778195496,
    "p75": 0.05133867699115043,
    "p90": 28.283848940487477,
    "p95": 30.688027462527856,
    "p99": 51.941932227016,
    "min": 0.0,
    "max": 103.81465399999999,
    "std": 11.582493328005949,
    "count": 37292,
    "sum": 159904.227747
  },
  "total_output_tokens": {
    "unit": "tokens",
    "avg": 40903.0
  },
  "benchmark_duration": {
    "unit": "sec",
    "avg": 176.918483734
  },
  "total_isl": {
    "unit": "tokens",
    "avg": 40960.0
  },
  "total_osl": {
    "unit": "tokens",
    "avg": 40903.0
  },
  "telemetry_data": {
    "summary": {
      "endpoints_configured": [],
      "endpoints_successful": [],
      "start_time": "2026-07-10T14:22:01.667513",
      "end_time": "2026-07-10T14:25:00.610564"
    },
    "endpoints": {},
    "error_summary": []
  },
  "input_config": {
    "models": {
      "items": [
        {
          "name": "qwen36-dflash-ngram"
        }
      ]
    },
    "endpoint": {
      "urls": [
        "http://localhost:8001"
      ],
      "type": "chat",
      "streaming": true,
      "extra": {
        "temperature": 0,
        "top_p": 1.0,
        "top_k": 1,
        "ignore_eos": true,
        "min_tokens": 4096
      }
    },
    "datasets": [
      {
        "name": "main",
        "type": "synthetic",
        "entries": 10,
        "random_seed": 42,
        "prompts": {
          "isl": {
            "mean": 4096.0,
            "stddev": 0.0
          },
          "osl": {
            "mean": 4096.0,
            "stddev": 0.0
          }
        }
      }
    ],
    "phases": [
      {
        "name": "warmup",
        "type": "concurrency",
        "exclude_from_results": true,
        "requests": 2,
        "concurrency": 1
      },
      {
        "name": "profiling",
        "type": "concurrency",
        "requests": 10,
        "concurrency": 1
      }
    ],
    "artifacts": {
      "dir": "/home/luke/Documents/Code/DFlash/artifacts/dflash_ngram/speed/isl4096_osl4096",
      "records": [
        "jsonl"
      ],
      "auto_plot": false,
      "plot_required": false
    },
    "tokenizer": {
      "name": "Qwen/Qwen3.6-27B"
    },
    "gpu_telemetry": {
      "enabled": true
    },
    "server_metrics": {
      "enabled": true,
      "urls": [],
      "formats": [
        "json",
        "csv"
      ]
    },
    "network_latency": {
      "enabled": false
    },
    "otel": {},
    "mlflow": {},
    "wandb": {}
  },
  "run_info": {
    "benchmark_id": "4669ff23c5d7",
    "random_seed": 42,
    "trial": 0,
    "cli_command": "aiperf profile --model 'qwen36-dflash-ngram' --url 'http://localhost:8001' --endpoint-type 'chat' --streaming --tokenizer 'Qwen/Qwen3.6-27B' --synthetic-input-tokens-mean 4096 --synthetic-input-tokens-stddev 0 --output-tokens-mean 4096 --output-tokens-stddev 0 --extra-inputs 'temperature:0' --extra-inputs 'top_p:1.0' --extra-inputs 'top_k:1' --extra-inputs 'ignore_eos:true' --extra-inputs 'min_tokens:4096' --concurrency 1 --random-seed 42 --warmup-request-count 2 --request-count 10 --output-artifact-dir '/home/luke/Documents/Code/DFlash/benchmark/../artifacts/dflash_ngram/speed/isl4096_osl4096'"
  },
  "was_cancelled": false,
  "error_summary": [],
  "start_time": "2026-07-10T14:22:01.667513",
  "end_time": "2026-07-10T14:24:58.608185",
  "http_req_receiving": {
    "unit": "ms",
    "avg": 15990.5240741,
    "p1": 8363.61540674,
    "p5": 9922.9721057,
    "p10": 11872.1679794,
    "p25": 14234.864112,
    "p50": 16784.218657999998,
    "p75": 18897.0104835,
    "p90": 19232.4606235,
    "p95": 19862.34093025,
    "p99": 20366.24517565,
    "min": 7973.776231999999,
    "max": 20492.221236999998,
    "std": 3625.639208611972,
    "count": 10,
    "sum": 159905.240741
  },
  "http_req_sending": {
    "unit": "ms",
    "avg": 0.36342659999999993,
    "p1": 0.3362059,
    "p5": 0.3397015,
    "p10": 0.34407099999999996,
    "p25": 0.3501085,
    "p50": 0.3519465,
    "p75": 0.38012925,
    "p90": 0.390189,
    "p95": 0.40282049999999997,
    "p99": 0.4129257,
    "min": 0.33533199999999996,
    "max": 0.415452,