{
  "schema_version": "1.3",
  "aiperf_version": "0.11.0",
  "benchmark_id": "ce09e3ed81e9",
  "request_throughput": {
    "unit": "requests/sec",
    "avg": 0.04673632538529327
  },
  "request_latency": {
    "unit": "ms",
    "avg": 21378.0647209,
    "p1": 13897.796240569998,
    "p5": 15993.58177085,
    "p10": 18613.3136837,
    "p25": 19766.223891499998,
    "p50": 20785.3201685,
    "p75": 23610.965684749997,
    "p90": 24849.830463,
    "p95": 26710.503067499994,
    "p99": 28199.041151100002,
    "min": 13373.849858,
    "max": 28571.175671999998,
    "std": 3801.7410968585796,
    "count": 10,
    "sum": 213780.647209
  },
  "request_count": {
    "unit": "requests",
    "avg": 10.0
  },
  "time_to_first_token": {
    "unit": "ms",
    "avg": 1584.2444432,
    "p1": 1517.63773469,
    "p5": 1518.9320214499999,
    "p10": 1520.5498799,
    "p25": 1564.599375,
    "p50": 1570.4627759999998,
    "p75": 1617.23604,
    "p90": 1654.2823692999998,
    "p95": 1658.05058515,
    "p99": 1661.0651578299999,
    "min": 1517.314163,
    "max": 1661.818801,
    "std": 47.10889477331806,
    "count": 10,
    "sum": 15842.444431999998
  },
  "time_to_second_token": {
    "unit": "ms",
    "avg": 29.399828199999998,
    "p1": 28.59928204,
    "p5": 28.631198199999996,
    "p10": 28.671093399999997,
    "p25": 28.720833,
    "p50": 29.041406,
    "p75": 30.084137499999997,
    "p90": 30.519086399999996,
    "p95": 30.729031199999998,
    "p99": 30.89698704,
    "min": 28.591303,
    "max": 30.938976,
    "std": 0.8147213448566081,
    "count": 10,
    "sum": 293.99828199999996
  },
  "inter_token_latency": {
    "unit": "ms",
    "avg": 4.834743338392927,
    "p1": 2.9992350923736266,
    "p5": 3.5202059146153846,
    "p10": 4.171419442417582,
    "p25": 4.449170344827026,
    "p50": 4.693010697924297,
    "p75": 5.375544660775232,
    "p90": 5.6849706336263734,
    "p95": 6.139892554175823,
    "p99": 6.503830090615384,
    "min": 2.868992386813187,
    "max": 6.594814474725274,
    "std": 0.9297136931090335,
    "count": 10,
    "sum": 48.34743338392926
  },
  "output_token_throughput": {
    "unit": "tokens/sec",
    "avg": 191.38992608531447
  },
  "output_token_throughput_per_user": {
    "unit": "tokens/sec/user",
    "avg": 216.03564091814866,
    "p1": 154.10503634954532,
    "p5": 163.98802815075132,
    "p10": 176.34176790225885,
    "p25": 186.0512332066475,
    "p50": 213.10637547328076,
    "p75": 224.76362684478121,
    "p90": 243.3754034317694,
    "p95": 295.96491565976294,
    "p99": 338.036525442158,
    "min": 151.63428839924381,
    "max": 348.5544278877567,
    "std": 50.151800877375386,
    "count": 10,
    "sum": 2160.3564091814865
  },
  "output_sequence_length": {
    "unit": "tokens",
    "avg": 4095.1,
    "p1": 4092.09,
    "p5": 4092.45,
    "p10": 4092.9,
    "p25": 4094.5,
    "p50": 4096.0,
    "p75": 4096.0,
    "p90": 4096.0,
    "p95": 4096.0,
    "p99": 4096.0,
    "min": 4092.0,
    "max": 4096.0,
    "std": 1.445683229480096,
    "count": 10,
    "sum": 40951.0
  },
  "input_sequence_length": {
    "unit": "tokens",
    "avg": 4096.0,
    "p1": 4096.0,
    "p5": 4096.0,
    "p10": 4096.0,
    "p25": 4096.0,
    "p50": 4096.0,
    "p75": 4096.0,
    "p90": 4096.0,
    "p95": 4096.0,
    "p99": 4096.0,
    "min": 4096.0,
    "max": 4096.0,
    "std": 0.0,
    "count": 10,
    "sum": 40960.0
  },
  "output_token_count": {
    "unit": "tokens",
    "avg": 4095.1,
    "p1": 4092.09,
    "p5": 4092.45,
    "p10": 4092.9,
    "p25": 4094.5,
    "p50": 4096.0,
    "p75": 4096.0,
    "p90": 4096.0,
    "p95": 4096.0,
    "p99": 4096.0,
    "min": 4092.0,
    "max": 4096.0,
    "std": 1.445683229480096,
    "count": 10,
    "sum": 40951.0
  },
  "inter_chunk_latency": {
    "unit": "ms",
    "avg": 5.307792630510565,
    "p1": 0.0,
    "p5": 0.0,
    "p10": 0.009308809286209288,
    "p25": 0.02567226437472807,
    "p50": 0.04142263593727627,
    "p75": 0.07680680837514205,
    "p90": 26.86441201463385,
    "p95": 27.814824573995033,
    "p99": 31.168012458896328,
    "min": 0.0,
    "max": 79.102549,
    "std": 10.94590851923742,
    "count": 37292,
    "sum": 197938.202777
  },
  "total_output_tokens": {
    "unit": "tokens",
    "avg": 40951.0
  },
  "benchmark_duration": {
    "unit": "sec",
    "avg": 213.966329564
  },
  "total_isl": {
    "unit": "tokens",
    "avg": 40960.0
  },
  "total_osl": {
    "unit": "tokens",
    "avg": 40951.0
  },
  "telemetry_data": {
    "summary": {
      "endpoints_configured": [],
      "endpoints_successful": [],
      "start_time": "2026-07-15T10:54:27.384615",
      "end_time": "2026-07-15T10:58:03.378005"
    },
    "endpoints": {},
    "error_summary": []
  },
  "input_config": {
    "models": {
      "items": [
        {
          "name": "qwen36-dflash15"
        }
      ]
    },
    "endpoint": {
      "urls": [
        "http://localhost:8001"
      ],
      "type": "chat",
      "streaming": true,
      "extra": {
        "temperature": 0,
        "top_p": 1.0,
        "top_k": 1,
        "ignore_eos": true,
        "min_tokens": 4096
      }
    },
    "datasets": [
      {
        "name": "main",
        "type": "synthetic",
        "entries": 10,
        "random_seed": 42,
        "prompts": {
          "isl": {
            "mean": 4096.0,
            "stddev": 0.0
          },
          "osl": {
            "mean": 4096.0,
            "stddev": 0.0
          }
        }
      }
    ],
    "phases": [
      {
        "name": "warmup",
        "type": "concurrency",
        "exclude_from_results": true,
        "requests": 2,
        "concurrency": 1
      },
      {
        "name": "profiling",
        "type": "concurrency",
        "requests": 10,
        "concurrency": 1
      }
    ],
    "artifacts": {
      "dir": "/home/luke/Documents/Code/DFlash/artifacts/dflash/speed/isl4096_osl4096",
      "records": [
        "jsonl"
      ],
      "auto_plot": false,
      "plot_required": false
    },
    "tokenizer": {
      "name": "Qwen/Qwen3.6-27B"
    },
    "gpu_telemetry": {
      "enabled": true
    },
    "server_metrics": {
      "enabled": true,
      "urls": [],
      "formats": [
        "json",
        "csv"
      ]
    },
    "network_latency": {
      "enabled": false
    },
    "otel": {},
    "mlflow": {},
    "wandb": {}
  },
  "run_info": {
    "benchmark_id": "ce09e3ed81e9",
    "random_seed": 42,
    "trial": 0,
    "cli_command": "aiperf profile --model 'qwen36-dflash15' --url 'http://localhost:8001' --endpoint-type 'chat' --streaming --tokenizer 'Qwen/Qwen3.6-27B' --synthetic-input-tokens-mean 4096 --synthetic-input-tokens-stddev 0 --output-tokens-mean 4096 --output-tokens-stddev 0 --extra-inputs 'temperature:0' --extra-inputs 'top_p:1.0' --extra-inputs 'top_k:1' --extra-inputs 'ignore_eos:true' --extra-inputs 'min_tokens:4096' --concurrency 1 --random-seed 42 --warmup-request-count 2 --request-count 10 --output-artifact-dir '/home/luke/Documents/Code/DFlash/benchmark/../artifacts/dflash/speed/isl4096_osl4096'"
  },
  "was_cancelled": false,
  "error_summary": [],
  "start_time": "2026-07-15T10:54:27.384615",
  "end_time": "2026-07-15T10:58:01.374059",
  "http_req_dns_lookup": {
    "unit": "ms",
    "avg": 0.0,
    "p1": 0.0,
    "p5": 0.0,
    "p10": 0.0,
    "p25": 0.0,
    "p50": 0.0,
    "p75": 0.0,
    "p90": 0.0,
    "p95": 0.0,
    "p99": 0.0,
    "min": 0.0,
    "max": 0.0,
    "std": 0.0,
    "count": 10,
    "sum": 0.0
  },
  "time_to_first_output_token": {
    "unit": "ms",
    "avg": 1584.2444432,
    "p1": 1517.63773469,
    "p5": 1518.9320214499999,
    "p10": 1520.5498799,
    "p25": 1564.599375,
    "p50": 1570.4627759999998,
    "p75": 1617.23604,
    "p90": 1654.2823692999998,
    "p95": 1658.05058515,
    "p99": 1661.0651578299999,
    "min": 1517.314163,
    "max": 1661.818801,
    "std": 47.10889477331806,
    "count": 10,
    "sum": 15842.444431999998
  },
  "http_req_connection_reused": {
    "unit": "ratio",
    "avg": 0.0,