{
  "schema_version": "1.3",
  "aiperf_version": "0.11.0",
  "benchmark_id": "22eb90677acc",
  "request_throughput": {
    "unit": "requests/sec",
    "avg": 0.04445434470084808
  },
  "request_latency": {
    "unit": "ms",
    "avg": 22475.5948927,
    "p1": 14244.004167129999,
    "p5": 16375.928759649998,
    "p10": 19040.8345003,
    "p25": 20435.450974749998,
    "p50": 22269.904283,
    "p75": 24882.68467375,
    "p90": 26626.107604199995,
    "p95": 28699.29657959999,
    "p99": 30357.84775992,
    "min": 13711.023019,
    "max": 30772.485555,
    "std": 4288.443498003922,
    "count": 10,
    "sum": 224755.948927
  },
  "request_count": {
    "unit": "requests",
    "avg": 10.0
  },
  "time_to_first_token": {
    "unit": "ms",
    "avg": 1674.2127475999998,
    "p1": 1616.85851257,
    "p5": 1618.8883628499998,
    "p10": 1621.4256757,
    "p25": 1633.066496,
    "p50": 1671.70921,
    "p75": 1696.4081617499999,
    "p90": 1733.5610427999998,
    "p95": 1744.5709443999997,
    "p99": 1753.37886568,
    "min": 1616.35105,
    "max": 1755.5808459999998,
    "std": 44.31076283743166,
    "count": 10,
    "sum": 16742.127475999998
  },
  "time_to_second_token": {
    "unit": "ms",
    "avg": 30.5983438,
    "p1": 30.124345059999996,
    "p5": 30.1512493,
    "p10": 30.1848796,
    "p25": 30.27715675,
    "p50": 30.682398499999998,
    "p75": 30.739309499999997,
    "p90": 30.834238,
    "p95": 31.135908999999998,
    "p99": 31.3772458,
    "min": 30.117618999999998,
    "max": 31.437579999999997,
    "std": 0.3670098080097588,
    "count": 10,
    "sum": 305.983438
  },
  "inter_token_latency": {
    "unit": "ms",
    "avg": 5.080798826692853,
    "p1": 3.074551321788533,
    "p5": 3.6004793967326534,
    "p10": 4.257889490412803,
    "p25": 4.594106516666667,
    "p50": 5.0283873296703305,
    "p75": 5.655206490801565,
    "p90": 6.087982628986569,
    "p95": 6.596369477008546,
    "p99": 7.003078955426129,
    "min": 2.943069303052503,
    "max": 7.104756325030525,
    "std": 1.0425029799312,
    "count": 10,
    "sum": 50.80798826692854
  },
  "output_token_throughput": {
    "unit": "tokens/sec",
    "avg": 182.04498698444297
  },
  "output_token_throughput_per_user": {
    "unit": "tokens/sec/user",
    "avg": 206.69246096320595,
    "p1": 143.14595241849142,
    "p5": 152.7266389722825,
    "p10": 164.70249716452136,
    "p25": 177.18652088648196,
    "p50": 198.89716414146898,
    "p75": 217.76477883028522,
    "p90": 238.33870514329632,
    "p95": 289.0600172194048,
    "p99": 329.6370668802918,
    "min": 140.75078078004364,
    "max": 339.7813292955135,
    "std": 50.75356453414135,
    "count": 10,
    "sum": 2066.9246096320594
  },
  "output_sequence_length": {
    "unit": "tokens",
    "avg": 4095.1,
    "p1": 4092.09,
    "p5": 4092.45,
    "p10": 4092.9,
    "p25": 4094.5,
    "p50": 4096.0,
    "p75": 4096.0,
    "p90": 4096.0,
    "p95": 4096.0,
    "p99": 4096.0,
    "min": 4092.0,
    "max": 4096.0,
    "std": 1.445683229480096,
    "count": 10,
    "sum": 40951.0
  },
  "input_sequence_length": {
    "unit": "tokens",
    "avg": 4096.0,
    "p1": 4096.0,
    "p5": 4096.0,
    "p10": 4096.0,
    "p25": 4096.0,
    "p50": 4096.0,
    "p75": 4096.0,
    "p90": 4096.0,
    "p95": 4096.0,
    "p99": 4096.0,
    "min": 4096.0,
    "max": 4096.0,
    "std": 0.0,
    "count": 10,
    "sum": 40960.0
  },
  "output_token_count": {
    "unit": "tokens",
    "avg": 4095.1,
    "p1": 4092.09,
    "p5": 4092.45,
    "p10": 4092.9,
    "p25": 4094.5,
    "p50": 4096.0,
    "p75": 4096.0,
    "p90": 4096.0,
    "p95": 4096.0,
    "p99": 4096.0,
    "min": 4092.0,
    "max": 4096.0,
    "std": 1.445683229480096,
    "count": 10,
    "sum": 40951.0
  },
  "inter_chunk_latency": {
    "unit": "ms",
    "avg": 5.577974403384103,
    "p1": 0.0,
    "p5": 0.0,
    "p10": 0.0,
    "p25": 0.00987839089110942,
    "p50": 0.03926364493155752,
    "p75": 0.06740018424589346,
    "p90": 28.682961043039732,
    "p95": 29.426762253628354,
    "p99": 31.189789816090233,
    "min": 0.0,
    "max": 85.802898,
    "std": 11.514872335057115,
    "count": 37292,
    "sum": 208013.821451
  },
  "total_output_tokens": {
    "unit": "tokens",
    "avg": 40951.0
  },
  "benchmark_duration": {
    "unit": "sec",
    "avg": 224.94989111400002
  },
  "total_isl": {
    "unit": "tokens",
    "avg": 40960.0
  },
  "total_osl": {
    "unit": "tokens",
    "avg": 40951.0
  },
  "telemetry_data": {
    "summary": {
      "endpoints_configured": [],
      "endpoints_successful": [],
      "start_time": "2026-07-05T21:23:57.566822",
      "end_time": "2026-07-05T21:27:44.542416"
    },
    "endpoints": {},
    "error_summary": []
  },
  "input_config": {
    "models": {
      "items": [
        {
          "name": "qwen36-dflash15"
        }
      ]
    },
    "endpoint": {
      "urls": [
        "http://localhost:8001"
      ],
      "type": "chat",
      "streaming": true,
      "extra": {
        "temperature": 0,
        "top_p": 1.0,
        "top_k": 1,
        "ignore_eos": true,
        "min_tokens": 4096
      }
    },
    "datasets": [
      {
        "name": "main",
        "type": "synthetic",
        "entries": 10,
        "random_seed": 42,
        "prompts": {
          "isl": {
            "mean": 4096.0,
            "stddev": 0.0
          },
          "osl": {
            "mean": 4096.0,
            "stddev": 0.0
          }
        }
      }
    ],
    "phases": [
      {
        "name": "warmup",
        "type": "concurrency",
        "exclude_from_results": true,
        "requests": 2,
        "concurrency": 1
      },
      {
        "name": "profiling",
        "type": "concurrency",
        "requests": 10,
        "concurrency": 1
      }
    ],
    "artifacts": {
      "dir": "/home/luke/Documents/Code/DFlash/artifacts/dflash/speed/isl4096_osl4096",
      "records": [
        "jsonl"
      ],
      "auto_plot": false,
      "plot_required": false
    },
    "tokenizer": {
      "name": "Qwen/Qwen3.6-27B"
    },
    "gpu_telemetry": {
      "enabled": true
    },
    "server_metrics": {
      "enabled": true,
      "urls": [],
      "formats": [
        "json",
        "csv"
      ]
    },
    "network_latency": {
      "enabled": false
    },
    "otel": {},
    "mlflow": {},
    "wandb": {}
  },
  "run_info": {
    "benchmark_id": "22eb90677acc",
    "random_seed": 42,
    "trial": 0,
    "cli_command": "aiperf profile --model 'qwen36-dflash15' --url 'http://localhost:8001' --endpoint-type 'chat' --streaming --tokenizer 'Qwen/Qwen3.6-27B' --synthetic-input-tokens-mean 4096 --synthetic-input-tokens-stddev 0 --output-tokens-mean 4096 --output-tokens-stddev 0 --extra-inputs 'temperature:0' --extra-inputs 'top_p:1.0' --extra-inputs 'top_k:1' --extra-inputs 'ignore_eos:true' --extra-inputs 'min_tokens:4096' --concurrency 1 --random-seed 42 --warmup-request-count 2 --request-count 10 --output-artifact-dir '/home/luke/Documents/Code/DFlash/benchmark/../artifacts/dflash/speed/isl4096_osl4096'"
  },
  "was_cancelled": false,
  "error_summary": [],
  "start_time": "2026-07-05T21:23:57.566822",
  "end_time": "2026-07-05T21:27:42.540479",
  "http_req_chunks_received": {
    "unit": "count",
    "avg": 2819.5,
    "p1": 1259.4,
    "p5": 1317.0,
    "p10": 1389.0,
    "p25": 2754.5,
    "p50": 3138.0,
    "p75": 3359.25,
    "p90": 3432.6,
    "p95": 3507.2999999999997,
    "p99": 3567.06,
    "min": 1245.0,
    "max": 3582.0,
    "std": 787.7437717938492,
    "count": 10,
    "sum": 28195.0
  },
  "http_req_blocked": {
    "unit": "ms",
    "avg": 0.0,
    "p1": 0.0,
    "p5": 0.0,
    "p10": 0.0,
    "p25": 0.0,
    "p50": 0.0,
    "p75": 0.0,
    "p90": 0.0,
    "p95": 0.0,
    "p99": 0.0,
    "min": 0.0,
    "max": 0.0,
    "std": 0.0,
    "count": 10,
    "sum": 0.0
  },
  "http_req_data_sent": {
    "unit": "KB",
    "avg": 17.605078125,
    "p1": 16.352998046875,
    "p5": 16.452490234375,
    "p10": 16.57685546875,
    "p25": 17.16796875,