{
  "schema_version": "1.3",
  "aiperf_version": "0.11.0",
  "benchmark_id": "14fb9be72cbc",
  "request_throughput": {
    "unit": "requests/sec",
    "avg": 0.007406590584201751
  },
  "request_latency": {
    "unit": "ms",
    "avg": 134867.75583066666,
    "p1": 116323.85767976,
    "p5": 117274.5891908,
    "p10": 118463.0035796,
    "p25": 122028.24674599999,
    "p50": 127970.31869,
    "p75": 144258.54634499998,
    "p90": 154031.482938,
    "p95": 157289.128469,
    "p99": 159895.24489379997,
    "min": 116086.174802,
    "max": 160546.774,
    "std": 18794.807786431964,
    "count": 3,
    "sum": 404603.26749199996
  },
  "request_count": {
    "unit": "requests",
    "avg": 3.0
  },
  "time_to_first_token": {
    "unit": "ms",
    "avg": 14541.347321333333,
    "p1": 14484.71976654,
    "p5": 14491.407548700001,
    "p10": 14499.767276399998,
    "p25": 14524.846459499999,
    "p50": 14566.645097999999,
    "p75": 14570.4970715,
    "p90": 14572.808255599999,
    "p95": 14573.578650299998,
    "p99": 14574.194966059998,
    "min": 14483.047821,
    "max": 14574.349044999999,
    "std": 41.34377425265665,
    "count": 3,
    "sum": 43624.041964
  },
  "time_to_second_token": {
    "unit": "ms",
    "avg": 32.654689,
    "p1": 32.33712564,
    "p5": 32.3660242,
    "p10": 32.4021474,
    "p25": 32.510517,
    "p50": 32.691133,
    "p75": 32.817083,
    "p90": 32.892652999999996,
    "p95": 32.917843,
    "p99": 32.937995,
    "min": 32.329901,
    "max": 32.943033,
    "std": 0.2516331141536556,
    "count": 3,
    "sum": 97.964067
  },
  "inter_token_latency": {
    "unit": "ms",
    "avg": 3.2641512766007468,
    "p1": 2.7604612898380485,
    "p5": 2.786433654897865,
    "p10": 2.8188991112226347,
    "p25": 2.916295480196945,
    "p50": 3.078622761820796,
    "p75": 3.5192428156145725,
    "p90": 3.783614847890839,
    "p95": 3.8717388586495947,
    "p99": 3.9422380672565986,
    "min": 2.753968198573095,
    "max": 3.95986286940835,
    "std": 0.5094841257812049,
    "count": 3,
    "sum": 9.792453829802241
  },
  "output_token_throughput": {
    "unit": "tokens/sec",
    "avg": 273.0365552960134
  },
  "output_token_throughput_per_user": {
    "unit": "tokens/sec/user",
    "avg": 313.4889888811233,
    "p1": 253.97972895701903,
    "p5": 259.76265474823657,
    "p10": 266.9913119872585,
    "p25": 288.6772837043243,
    "p50": 324.82056989943385,
    "p75": 343.9664845670776,
    "p90": 355.45403336766384,
    "p95": 359.2832163011926,
    "p99": 362.3465626480156,
    "min": 252.53399750921466,
    "max": 363.11239923472135,
    "std": 45.84902236924133,
    "count": 3,
    "sum": 940.4669666433699
  },
  "output_sequence_length": {
    "unit": "tokens",
    "avg": 36864.0,
    "p1": 36864.0,
    "p5": 36864.0,
    "p10": 36864.0,
    "p25": 36864.0,
    "p50": 36864.0,
    "p75": 36864.0,
    "p90": 36864.0,
    "p95": 36864.0,
    "p99": 36864.0,
    "min": 36864.0,
    "max": 36864.0,
    "std": 0.0,
    "count": 3,
    "sum": 110592.0
  },
  "input_sequence_length": {
    "unit": "tokens",
    "avg": 36864.0,
    "p1": 36864.0,
    "p5": 36864.0,
    "p10": 36864.0,
    "p25": 36864.0,
    "p50": 36864.0,
    "p75": 36864.0,
    "p90": 36864.0,
    "p95": 36864.0,
    "p99": 36864.0,
    "min": 36864.0,
    "max": 36864.0,
    "std": 0.0,
    "count": 3,
    "sum": 110592.0
  },
  "output_token_count": {
    "unit": "tokens",
    "avg": 36864.0,
    "p1": 36864.0,
    "p5": 36864.0,
    "p10": 36864.0,
    "p25": 36864.0,
    "p50": 36864.0,
    "p75": 36864.0,
    "p90": 36864.0,
    "p95": 36864.0,
    "p99": 36864.0,
    "min": 36864.0,
    "max": 36864.0,
    "std": 0.0,
    "count": 3,
    "sum": 110592.0
  },
  "inter_chunk_latency": {
    "unit": "ms",
    "avg": 3.2641512766007468,
    "p1": 0.0,
    "p5": 0.015601960560806752,
    "p10": 0.04021190508574639,
    "p25": 0.08895185045351683,
    "p50": 0.18225929320929393,
    "p75": 0.29173883912784687,
    "p90": 15.401199597051201,
    "p95": 30.885026238137765,
    "p99": 32.64664882335294,
    "min": 0.0,
    "max": 40.686997999999996,
    "std": 9.28304657566828,
    "count": 110589,
    "sum": 360979.225528
  },
  "total_output_tokens": {
    "unit": "tokens",
    "avg": 110592.0
  },
  "benchmark_duration": {
    "unit": "sec",
    "avg": 405.04466473400004
  },
  "total_isl": {
    "unit": "tokens",
    "avg": 110592.0
  },
  "total_osl": {
    "unit": "tokens",
    "avg": 110592.0
  },
  "telemetry_data": {
    "summary": {
      "endpoints_configured": [],
      "endpoints_successful": [],
      "start_time": "2026-07-05T21:55:49.074057",
      "end_time": "2026-07-05T22:02:36.349374"
    },
    "endpoints": {},
    "error_summary": []
  },
  "input_config": {
    "models": {
      "items": [
        {
          "name": "qwen36-dflash15"
        }
      ]
    },
    "endpoint": {
      "urls": [
        "http://localhost:8001"
      ],
      "type": "chat",
      "streaming": true,
      "extra": {
        "temperature": 0,
        "top_p": 1.0,
        "top_k": 1,
        "ignore_eos": true,
        "min_tokens": 36864
      }
    },
    "datasets": [
      {
        "name": "main",
        "type": "synthetic",
        "entries": 3,
        "random_seed": 42,
        "prompts": {
          "isl": {
            "mean": 36864.0,
            "stddev": 0.0
          },
          "osl": {
            "mean": 36864.0,
            "stddev": 0.0
          }
        }
      }
    ],
    "phases": [
      {
        "name": "warmup",
        "type": "concurrency",
        "exclude_from_results": true,
        "requests": 1,
        "concurrency": 1
      },
      {
        "name": "profiling",
        "type": "concurrency",
        "requests": 3,
        "concurrency": 1
      }
    ],
    "artifacts": {
      "dir": "/home/luke/Documents/Code/DFlash/artifacts/dflash/speed/isl36864_osl36864",
      "records": [
        "jsonl"
      ],
      "auto_plot": false,
      "plot_required": false
    },
    "tokenizer": {
      "name": "Qwen/Qwen3.6-27B"
    },
    "gpu_telemetry": {
      "enabled": true
    },
    "server_metrics": {
      "enabled": true,
      "urls": [],
      "formats": [
        "json",
        "csv"
      ]
    },
    "network_latency": {
      "enabled": false
    },
    "otel": {},
    "mlflow": {},
    "wandb": {}
  },
  "run_info": {
    "benchmark_id": "14fb9be72cbc",
    "random_seed": 42,
    "trial": 0,
    "cli_command": "aiperf profile --model 'qwen36-dflash15' --url 'http://localhost:8001' --endpoint-type 'chat' --streaming --tokenizer 'Qwen/Qwen3.6-27B' --synthetic-input-tokens-mean 36864 --synthetic-input-tokens-stddev 0 --output-tokens-mean 36864 --output-tokens-stddev 0 --extra-inputs 'temperature:0' --extra-inputs 'top_p:1.0' --extra-inputs 'top_k:1' --extra-inputs 'ignore_eos:true' --extra-inputs 'min_tokens:36864' --concurrency 1 --random-seed 42 --warmup-request-count 1 --request-count 3 --output-artifact-dir '/home/luke/Documents/Code/DFlash/benchmark/../artifacts/dflash/speed/isl36864_osl36864'"
  },
  "was_cancelled": false,
  "error_summary": [],
  "start_time": "2026-07-05T21:55:49.074057",
  "end_time": "2026-07-05T22:02:34.345407",
  "http_req_data_sent": {
    "unit": "KB",
    "avg": 156.1064453125,
    "p1": 153.62744140625,
    "p5": 153.84814453125,
    "p10": 154.1240234375,
    "p25": 154.95166015625,
    "p50": 156.3310546875,
    "p75": 157.37353515625,
    "p90": 157.9990234375,
    "p95": 158.20751953125,
    "p99": 158.37431640625,
    "min": 153.572265625,
    "max": 158.416015625,
    "std": 1.9838204798029513,
    "count": 3,
    "sum": 468.3193359375
  },
  "http_req_receiving": {
    "unit": "ms",
    "avg": 120326.89099799999,
    "p1": 101759.29139292,
    "p5": 102716.71162460001,
    "p10": 103913.4869142,
    "p25": 107503.812783,
    "p50": 113487.689231,
    "p75": 129730.3683295,
    "p90": 139475.9757886,
    "p95": 142724.51160829997,
    "p99": 145323.34026405998,
    "min": 101519.93633499999,