{
  "schema_version": "1.3",
  "aiperf_version": "0.11.0",
  "benchmark_id": "f81fd8deff53",
  "request_throughput": {
    "unit": "requests/sec",
    "avg": 0.022644620686921715
  },
  "request_latency": {
    "unit": "ms",
    "avg": 44129.999103333335,
    "p1": 42877.52090755999,
    "p5": 42938.5747778,
    "p10": 43014.8921156,
    "p25": 43243.844129,
    "p50": 43625.430818,
    "p75": 44763.869934999995,
    "p90": 45446.9334052,
    "p95": 45674.62122859999,
    "p99": 45856.771487319995,
    "min": 42862.25744,
    "max": 45902.309052,
    "std": 1291.3611208925035,
    "count": 3,
    "sum": 132389.99731
  },
  "request_count": {
    "unit": "requests",
    "avg": 3.0
  },
  "time_to_first_token": {
    "unit": "ms",
    "avg": 14064.619133999999,
    "p1": 13828.121097299998,
    "p5": 13852.1850585,
    "p10": 13882.26501,
    "p25": 13972.504864499999,
    "p50": 14122.904622,
    "p75": 14185.8761475,
    "p90": 14223.6590628,
    "p95": 14236.253367899999,
    "p99": 14246.328811979998,
    "min": 13822.105107,
    "max": 14248.847673,
    "std": 179.02551585852166,
    "count": 3,
    "sum": 42193.857402
  },
  "time_to_second_token": {
    "unit": "ms",
    "avg": 31.195408999999998,
    "p1": 30.65838862,
    "p5": 30.6879271,
    "p10": 30.7248502,
    "p25": 30.8356195,
    "p50": 31.020235,
    "p75": 31.4676115,
    "p90": 31.736037399999997,
    "p95": 31.825512699999997,
    "p99": 31.89709294,
    "min": 30.651004,
    "max": 31.914987999999997,
    "std": 0.5306777652342332,
    "count": 3,
    "sum": 93.586227
  },
  "inter_token_latency": {
    "unit": "ms",
    "avg": 3.6793110473119732,
    "p1": 3.552718285892611,
    "p5": 3.5560805033378085,
    "p10": 3.5602832751443048,
    "p25": 3.572891590563796,
    "p50": 3.5939054495962806,
    "p75": 3.7430277052023047,
    "p90": 3.8325010585659185,
    "p95": 3.862325509687123,
    "p99": 3.886185070584087,
    "min": 3.5518777315313113,
    "max": 3.8921499608083283,
    "std": 0.15147471647147098,
    "count": 3,
    "sum": 11.03793314193592
  },
  "output_token_throughput": {
    "unit": "tokens/sec",
    "avg": 185.06693666731553
  },
  "output_token_throughput_per_user": {
    "unit": "tokens/sec/user",
    "avg": 272.2391547916136,
    "p1": 257.3538362690386,
    "p5": 259.0595503500726,
    "p10": 261.19169295136504,
    "p25": 267.58812075524236,
    "p50": 278.24883376170465,
    "p75": 279.8950283130303,
    "p90": 280.8827450438257,
    "p95": 281.21198395409084,
    "p99": 281.47537508230295,
    "min": 256.9274077487801,
    "max": 281.541222864356,
    "std": 10.91015290539363,
    "count": 3,
    "sum": 816.7174643748408
  },
  "output_sequence_length": {
    "unit": "tokens",
    "avg": 8172.666666666667,
    "p1": 8166.18,
    "p5": 8166.9,
    "p10": 8167.8,
    "p25": 8170.5,
    "p50": 8175.0,
    "p75": 8176.0,
    "p90": 8176.6,
    "p95": 8176.8,
    "p99": 8176.96,
    "min": 8166.0,
    "max": 8177.0,
    "std": 4.784233364802441,
    "count": 3,
    "sum": 24518.0
  },
  "input_sequence_length": {
    "unit": "tokens",
    "avg": 36864.0,
    "p1": 36864.0,
    "p5": 36864.0,
    "p10": 36864.0,
    "p25": 36864.0,
    "p50": 36864.0,
    "p75": 36864.0,
    "p90": 36864.0,
    "p95": 36864.0,
    "p99": 36864.0,
    "min": 36864.0,
    "max": 36864.0,
    "std": 0.0,
    "count": 3,
    "sum": 110592.0
  },
  "output_token_count": {
    "unit": "tokens",
    "avg": 8172.666666666667,
    "p1": 8166.18,
    "p5": 8166.9,
    "p10": 8167.8,
    "p25": 8170.5,
    "p50": 8175.0,
    "p75": 8176.0,
    "p90": 8176.6,
    "p95": 8176.8,
    "p99": 8176.96,
    "min": 8166.0,
    "max": 8177.0,
    "std": 4.784233364802441,
    "count": 3,
    "sum": 24518.0
  },
  "inter_chunk_latency": {
    "unit": "ms",
    "avg": 3.6792225130736282,
    "p1": 0.0,
    "p5": 0.0,
    "p10": 0.0,
    "p25": 0.027422030280172417,
    "p50": 0.05100208977225673,
    "p75": 0.07938192807017541,
    "p90": 29.029064243243244,
    "p95": 31.824166505960974,
    "p99": 33.929322815538455,
    "min": 0.0,
    "max": 41.050975,
    "std": 10.06044682431312,
    "count": 24515,
    "sum": 90196.139908
  },
  "total_output_tokens": {
    "unit": "tokens",
    "avg": 24518.0
  },
  "benchmark_duration": {
    "unit": "sec",
    "avg": 132.48179519
  },
  "total_isl": {
    "unit": "tokens",
    "avg": 110592.0
  },
  "total_osl": {
    "unit": "tokens",
    "avg": 24518.0
  },
  "telemetry_data": {
    "summary": {
      "endpoints_configured": [],
      "endpoints_successful": [],
      "start_time": "2026-07-13T20:52:03.105184",
      "end_time": "2026-07-13T20:54:17.634875"
    },
    "endpoints": {},
    "error_summary": []
  },
  "input_config": {
    "models": {
      "items": [
        {
          "name": "qwen36-dflash15"
        }
      ]
    },
    "endpoint": {
      "urls": [
        "http://localhost:8001"
      ],
      "type": "chat",
      "streaming": true,
      "extra": {
        "temperature": 0,
        "top_p": 1.0,
        "top_k": 1,
        "ignore_eos": true,
        "min_tokens": 36864
      }
    },
    "datasets": [
      {
        "name": "main",
        "type": "synthetic",
        "entries": 3,
        "random_seed": 42,
        "prompts": {
          "isl": {
            "mean": 36864.0,
            "stddev": 0.0
          },
          "osl": {
            "mean": 36864.0,
            "stddev": 0.0
          }
        }
      }
    ],
    "phases": [
      {
        "name": "warmup",
        "type": "concurrency",
        "exclude_from_results": true,
        "requests": 1,
        "concurrency": 1
      },
      {
        "name": "profiling",
        "type": "concurrency",
        "requests": 3,
        "concurrency": 1
      }
    ],
    "artifacts": {
      "dir": "/home/luke/Documents/Code/DFlash/artifacts/dflash/speed/isl36864_osl36864",
      "records": [
        "jsonl"
      ],
      "auto_plot": false,
      "plot_required": false
    },
    "tokenizer": {
      "name": "Qwen/Qwen3.6-27B"
    },
    "gpu_telemetry": {
      "enabled": true
    },
    "server_metrics": {
      "enabled": true,
      "urls": [],
      "formats": [
        "json",
        "csv"
      ]
    },
    "network_latency": {
      "enabled": false
    },
    "otel": {},
    "mlflow": {},
    "wandb": {}
  },
  "run_info": {
    "benchmark_id": "f81fd8deff53",
    "random_seed": 42,
    "trial": 0,
    "cli_command": "aiperf profile --model 'qwen36-dflash15' --url 'http://localhost:8001' --endpoint-type 'chat' --streaming --tokenizer 'Qwen/Qwen3.6-27B' --synthetic-input-tokens-mean 36864 --synthetic-input-tokens-stddev 0 --output-tokens-mean 36864 --output-tokens-stddev 0 --extra-inputs 'temperature:0' --extra-inputs 'top_p:1.0' --extra-inputs 'top_k:1' --extra-inputs 'ignore_eos:true' --extra-inputs 'min_tokens:36864' --concurrency 1 --random-seed 42 --warmup-request-count 1 --request-count 3 --output-artifact-dir '/home/luke/Documents/Code/DFlash/benchmark/../artifacts/dflash/speed/isl36864_osl36864'"
  },
  "was_cancelled": false,
  "error_summary": [],
  "start_time": "2026-07-13T20:52:03.105184",
  "end_time": "2026-07-13T20:54:15.632941",
  "http_req_connecting": {
    "unit": "ms",
    "avg": 0.3213613333333333,
    "p1": 0.2628534,
    "p5": 0.264103,
    "p10": 0.265665,
    "p25": 0.270351,
    "p50": 0.278161,
    "p75": 0.35077149999999996,
    "p90": 0.39433779999999996,
    "p95": 0.40885989999999994,
    "p99": 0.42047758,
    "min": 0.26254099999999997,
    "max": 0.423382,
    "std": 0.07242080005234837,
    "count": 3,
    "sum": 0.9640839999999999
  },
  "http_req_dns_lookup": {
    "unit": "ms",
    "avg": 0.0,
    "p1": 0.0,
    "p5": 0.0,
    "p10": 0.0,
    "p25": 0.0,
    "p50": 0.0,
    "p75": 0.0,
    "p90": 0.0,
    "p95": 0.0,
    "p99": 0.0,
    "min": 0.0,
    "max": 0.0,
    "std": 0.0,
    "count": 3,
    "sum": 0.0
  },
  "http_req_blocked": {
    "unit": "ms",
    "avg": 0.0,
    "p1": 0.0,
    "p5": 0.0,
    "p10": 0.0,