{
  "schema_version": "1.3",
  "aiperf_version": "0.11.0",
  "benchmark_id": "4bfec7e69830",
  "request_throughput": {
    "unit": "requests/sec",
    "avg": 0.007840542962845604
  },
  "request_latency": {
    "unit": "ms",
    "avg": 127404.059392,
    "p1": 110176.75680061999,
    "p5": 111055.1445871,
    "p10": 112153.1293202,
    "p25": 115447.0835195,
    "p50": 120937.007185,
    "p75": 136127.509161,
    "p90": 145241.8103466,
    "p95": 148279.91074179998,
    "p99": 150710.39105796,
    "min": 109957.159854,
    "max": 151318.011137,
    "std": 17493.752749665775,
    "count": 3,
    "sum": 382212.17817599996
  },
  "request_count": {
    "unit": "requests",
    "avg": 3.0
  },
  "time_to_first_token": {
    "unit": "ms",
    "avg": 14438.457568333333,
    "p1": 14426.74271768,
    "p5": 14427.8700404,
    "p10": 14429.2791938,
    "p25": 14433.506653999999,
    "p50": 14440.552420999999,
    "p75": 14444.455909,
    "p90": 14446.798001799998,
    "p95": 14447.5786994,
    "p99": 14448.20325748,
    "min": 14426.460887,
    "max": 14448.359397,
    "std": 9.061916310446533,
    "count": 3,
    "sum": 43315.372705
  },
  "time_to_second_token": {
    "unit": "ms",
    "avg": 30.930311,
    "p1": 30.714589379999996,
    "p5": 30.733158899999996,
    "p10": 30.7563708,
    "p25": 30.8260065,
    "p50": 30.942065999999997,
    "p75": 31.040492999999998,
    "p90": 31.0995492,
    "p95": 31.1192346,
    "p99": 31.13498292,
    "min": 30.709947,
    "max": 31.13892,
    "std": 0.17532463926670433,
    "count": 3,
    "sum": 92.790933
  },
  "inter_token_latency": {
    "unit": "ms",
    "avg": 3.064471199405004,
    "p1": 2.5968736549694813,
    "p5": 2.620719037726175,
    "p10": 2.650525766172042,
    "p25": 2.7399459515096436,
    "p50": 2.8889795937389797,
    "p75": 3.301250644467352,
    "p90": 3.5486132749043757,
    "p95": 3.6310674850500497,
    "p99": 3.6970308531665896,
    "min": 2.590912309280308,
    "max": 3.7135216951957246,
    "std": 0.4748058803909775,
    "count": 3,
    "sum": 9.193413598215011
  },
  "output_token_throughput": {
    "unit": "tokens/sec",
    "avg": 289.03377578234034
  },
  "output_token_throughput_per_user": {
    "unit": "tokens/sec/user",
    "avg": 333.7978571883929,
    "p1": 270.82329705277914,
    "p5": 276.9718424374114,
    "p10": 284.6575241682017,
    "p25": 307.71456936057257,
    "p50": 346.142978014524,
    "p75": 366.05370542927886,
    "p90": 378.0001418781318,
    "p95": 381.9822873610828,
    "p99": 385.16800374744355,
    "min": 269.2861607066211,
    "max": 385.96443284403375,
    "std": 48.42696427543827,
    "count": 3,
    "sum": 1001.3935715651788
  },
  "output_sequence_length": {
    "unit": "tokens",
    "avg": 36864.0,
    "p1": 36864.0,
    "p5": 36864.0,
    "p10": 36864.0,
    "p25": 36864.0,
    "p50": 36864.0,
    "p75": 36864.0,
    "p90": 36864.0,
    "p95": 36864.0,
    "p99": 36864.0,
    "min": 36864.0,
    "max": 36864.0,
    "std": 0.0,
    "count": 3,
    "sum": 110592.0
  },
  "input_sequence_length": {
    "unit": "tokens",
    "avg": 36864.0,
    "p1": 36864.0,
    "p5": 36864.0,
    "p10": 36864.0,
    "p25": 36864.0,
    "p50": 36864.0,
    "p75": 36864.0,
    "p90": 36864.0,
    "p95": 36864.0,
    "p99": 36864.0,
    "min": 36864.0,
    "max": 36864.0,
    "std": 0.0,
    "count": 3,
    "sum": 110592.0
  },
  "output_token_count": {
    "unit": "tokens",
    "avg": 36864.0,
    "p1": 36864.0,
    "p5": 36864.0,
    "p10": 36864.0,
    "p25": 36864.0,
    "p50": 36864.0,
    "p75": 36864.0,
    "p90": 36864.0,
    "p95": 36864.0,
    "p99": 36864.0,
    "min": 36864.0,
    "max": 36864.0,
    "std": 0.0,
    "count": 3,
    "sum": 110592.0
  },
  "inter_chunk_latency": {
    "unit": "ms",
    "avg": 3.0644711994050042,
    "p1": 0.011961285210635754,
    "p5": 0.03130808958333334,
    "p10": 0.05039907454784515,
    "p25": 0.10785152197282376,
    "p50": 0.19472409690208162,
    "p75": 0.30821113659043675,
    "p90": 13.47132174580632,
    "p95": 28.800694895658175,
    "p99": 30.123029969087078,
    "min": 0.0,
    "max": 39.807835,
    "std": 8.639547878672259,
    "count": 110589,
    "sum": 338896.80547099997
  },
  "total_output_tokens": {
    "unit": "tokens",
    "avg": 110592.0
  },
  "benchmark_duration": {
    "unit": "sec",
    "avg": 382.626562244
  },
  "total_isl": {
    "unit": "tokens",
    "avg": 110592.0
  },
  "total_osl": {
    "unit": "tokens",
    "avg": 110592.0
  },
  "telemetry_data": {
    "summary": {
      "endpoints_configured": [],
      "endpoints_successful": [],
      "start_time": "2026-07-15T11:05:21.907212",
      "end_time": "2026-07-15T11:11:46.742707"
    },
    "endpoints": {},
    "error_summary": []
  },
  "input_config": {
    "models": {
      "items": [
        {
          "name": "qwen36-dflash15"
        }
      ]
    },
    "endpoint": {
      "urls": [
        "http://localhost:8001"
      ],
      "type": "chat",
      "streaming": true,
      "extra": {
        "temperature": 0,
        "top_p": 1.0,
        "top_k": 1,
        "ignore_eos": true,
        "min_tokens": 36864
      }
    },
    "datasets": [
      {
        "name": "main",
        "type": "synthetic",
        "entries": 3,
        "random_seed": 42,
        "prompts": {
          "isl": {
            "mean": 36864.0,
            "stddev": 0.0
          },
          "osl": {
            "mean": 36864.0,
            "stddev": 0.0
          }
        }
      }
    ],
    "phases": [
      {
        "name": "warmup",
        "type": "concurrency",
        "exclude_from_results": true,
        "requests": 1,
        "concurrency": 1
      },
      {
        "name": "profiling",
        "type": "concurrency",
        "requests": 3,
        "concurrency": 1
      }
    ],
    "artifacts": {
      "dir": "/home/luke/Documents/Code/DFlash/artifacts/dflash/speed/isl36864_osl36864",
      "records": [
        "jsonl"
      ],
      "auto_plot": false,
      "plot_required": false
    },
    "tokenizer": {
      "name": "Qwen/Qwen3.6-27B"
    },
    "gpu_telemetry": {
      "enabled": true
    },
    "server_metrics": {
      "enabled": true,
      "urls": [],
      "formats": [
        "json",
        "csv"
      ]
    },
    "network_latency": {
      "enabled": false
    },
    "otel": {},
    "mlflow": {},
    "wandb": {}
  },
  "run_info": {
    "benchmark_id": "4bfec7e69830",
    "random_seed": 42,
    "trial": 0,
    "cli_command": "aiperf profile --model 'qwen36-dflash15' --url 'http://localhost:8001' --endpoint-type 'chat' --streaming --tokenizer 'Qwen/Qwen3.6-27B' --synthetic-input-tokens-mean 36864 --synthetic-input-tokens-stddev 0 --output-tokens-mean 36864 --output-tokens-stddev 0 --extra-inputs 'temperature:0' --extra-inputs 'top_p:1.0' --extra-inputs 'top_k:1' --extra-inputs 'ignore_eos:true' --extra-inputs 'min_tokens:36864' --concurrency 1 --random-seed 42 --warmup-request-count 1 --request-count 3 --output-artifact-dir '/home/luke/Documents/Code/DFlash/benchmark/../artifacts/dflash/speed/isl36864_osl36864'"
  },
  "was_cancelled": false,
  "error_summary": [],
  "start_time": "2026-07-15T11:05:21.907212",
  "end_time": "2026-07-15T11:11:44.740120",
  "http_req_connection_reused": {
    "unit": "ratio",
    "avg": 0.0,
    "p1": 0.0,
    "p5": 0.0,
    "p10": 0.0,
    "p25": 0.0,
    "p50": 0.0,
    "p75": 0.0,
    "p90": 0.0,
    "p95": 0.0,
    "p99": 0.0,
    "min": 0.0,
    "max": 0.0,
    "std": 0.0,
    "count": 3,
    "sum": 0.0
  },
  "http_req_chunks_received": {
    "unit": "count",
    "avg": 36570.0,
    "p1": 36552.28,
    "p5": 36553.4,
    "p10": 36554.8,
    "p25": 36559.0,
    "p50": 36566.0,
    "p75": 36579.0,
    "p90": 36586.8,
    "p95": 36589.4,
    "p99": 36591.48,
    "min": 36552.0,
    "max": 36592.0,
    "std": 16.57307052620807,
    "count": 3,
    "sum": 109710.0
  },
  "http_req_sending": {
    "unit": "ms",
    "avg": 0.592409,
    "p1": 0.5242332,
    "p5": 0.524598,
    "p10": 0.525054,