{
  "schema_version": "1.3",
  "aiperf_version": "0.11.0",
  "benchmark_id": "e2471185f2c1",
  "request_throughput": {
    "unit": "requests/sec",
    "avg": 0.017913291814174313
  },
  "request_latency": {
    "unit": "ms",
    "avg": 55763.114623999994,
    "p1": 44499.15886804,
    "p5": 44790.74238419999,
    "p10": 45155.2217794,
    "p25": 46248.659965,
    "p50": 47538.001559,
    "p75": 48641.237271,
    "p90": 74633.34171,
    "p95": 83297.376523,
    "p99": 90228.60437339998,
    "min": 44426.262988999995,
    "max": 91961.41133599999,
    "std": 18153.453441510057,
    "count": 5,
    "sum": 278815.57312
  },
  "request_count": {
    "unit": "requests",
    "avg": 5.0
  },
  "time_to_first_token": {
    "unit": "ms",
    "avg": 4534.762913199999,
    "p1": 3756.6928845999996,
    "p5": 3909.909647,
    "p10": 4101.4306,
    "p25": 4675.993458999999,
    "p50": 4734.386724999999,
    "p75": 4745.034694999999,
    "p90": 4778.0204738,
    "p95": 4789.0157334,
    "p99": 4797.81194108,
    "min": 3718.3886939999998,
    "max": 4800.010993,
    "std": 410.0813005095139,
    "count": 5,
    "sum": 22673.814565999997
  },
  "time_to_second_token": {
    "unit": "ms",
    "avg": 32.040126,
    "p1": 31.50402096,
    "p5": 31.517632799999998,
    "p10": 31.5346476,
    "p25": 31.585691999999998,
    "p50": 31.606766999999998,
    "p75": 31.770564,
    "p90": 32.950419,
    "p95": 33.343703999999995,
    "p99": 33.658332,
    "min": 31.500618,
    "max": 33.736989,
    "std": 0.8529228426902401,
    "count": 5,
    "sum": 160.20063
  },
  "inter_token_latency": {
    "unit": "ms",
    "avg": 4.169313234377798,
    "p1": 3.2352832360315777,
    "p5": 3.2582983990884675,
    "p10": 3.287067352909579,
    "p25": 3.373374214372914,
    "p50": 3.4836505928216814,
    "p75": 3.6561283126068203,
    "p90": 5.724781489134858,
    "p95": 6.414332547977537,
    "p99": 6.96597339505168,
    "min": 3.2295294452673553,
    "max": 7.103883606820216,
    "std": 1.473900117824593,
    "count": 5,
    "sum": 20.846566171888988
  },
  "output_token_throughput": {
    "unit": "tokens/sec",
    "avg": 220.11852981257397
  },
  "output_token_throughput_per_user": {
    "unit": "tokens/sec/user",
    "avg": 261.483674328555,
    "p1": 146.0778843124257,
    "p5": 167.31713302410614,
    "p10": 193.8661939137067,
    "p25": 273.51337658250833,
    "p50": 287.0551949327449,
    "p75": 296.4390952356564,
    "p90": 304.3612177486785,
    "p95": 307.0019252530192,
    "p99": 309.11449125649176,
    "min": 140.7680721345056,
    "max": 309.6426327573599,
    "std": 61.50128412178276,
    "count": 5,
    "sum": 1307.4183716427751
  },
  "output_sequence_length": {
    "unit": "tokens",
    "avg": 12288.0,
    "p1": 12288.0,
    "p5": 12288.0,
    "p10": 12288.0,
    "p25": 12288.0,
    "p50": 12288.0,
    "p75": 12288.0,
    "p90": 12288.0,
    "p95": 12288.0,
    "p99": 12288.0,
    "min": 12288.0,
    "max": 12288.0,
    "std": 0.0,
    "count": 5,
    "sum": 61440.0
  },
  "input_sequence_length": {
    "unit": "tokens",
    "avg": 12288.0,
    "p1": 12288.0,
    "p5": 12288.0,
    "p10": 12288.0,
    "p25": 12288.0,
    "p50": 12288.0,
    "p75": 12288.0,
    "p90": 12288.0,
    "p95": 12288.0,
    "p99": 12288.0,
    "min": 12288.0,
    "max": 12288.0,
    "std": 0.0,
    "count": 5,
    "sum": 61440.0
  },
  "output_token_count": {
    "unit": "tokens",
    "avg": 12288.0,
    "p1": 12288.0,
    "p5": 12288.0,
    "p10": 12288.0,
    "p25": 12288.0,
    "p50": 12288.0,
    "p75": 12288.0,
    "p90": 12288.0,
    "p95": 12288.0,
    "p99": 12288.0,
    "min": 12288.0,
    "max": 12288.0,
    "std": 0.0,
    "count": 5,
    "sum": 61440.0
  },
  "inter_chunk_latency": {
    "unit": "ms",
    "avg": 4.169313234377798,
    "p1": 0.0,
    "p5": 0.0,
    "p10": 0.0,
    "p25": 0.0429137598660221,
    "p50": 0.07741573082588396,
    "p75": 0.1287734777745831,
    "p90": 29.231740899846226,
    "p95": 29.997662227720888,
    "p99": 31.61486171114379,
    "min": 0.0,
    "max": 38.978546,
    "std": 10.296887920573868,
    "count": 61435,
    "sum": 256141.758554
  },
  "total_output_tokens": {
    "unit": "tokens",
    "avg": 61440.0
  },
  "benchmark_duration": {
    "unit": "sec",
    "avg": 279.122344004
  },
  "total_isl": {
    "unit": "tokens",
    "avg": 61440.0
  },
  "total_osl": {
    "unit": "tokens",
    "avg": 61440.0
  },
  "telemetry_data": {
    "summary": {
      "endpoints_configured": [],
      "endpoints_successful": [],
      "start_time": "2026-07-05T21:28:34.890627",
      "end_time": "2026-07-05T21:33:16.090054"
    },
    "endpoints": {},
    "error_summary": []
  },
  "input_config": {
    "models": {
      "items": [
        {
          "name": "qwen36-dflash15"
        }
      ]
    },
    "endpoint": {
      "urls": [
        "http://localhost:8001"
      ],
      "type": "chat",
      "streaming": true,
      "extra": {
        "temperature": 0,
        "top_p": 1.0,
        "top_k": 1,
        "ignore_eos": true,
        "min_tokens": 12288
      }
    },
    "datasets": [
      {
        "name": "main",
        "type": "synthetic",
        "entries": 5,
        "random_seed": 42,
        "prompts": {
          "isl": {
            "mean": 12288.0,
            "stddev": 0.0
          },
          "osl": {
            "mean": 12288.0,
            "stddev": 0.0
          }
        }
      }
    ],
    "phases": [
      {
        "name": "warmup",
        "type": "concurrency",
        "exclude_from_results": true,
        "requests": 1,
        "concurrency": 1
      },
      {
        "name": "profiling",
        "type": "concurrency",
        "requests": 5,
        "concurrency": 1
      }
    ],
    "artifacts": {
      "dir": "/home/luke/Documents/Code/DFlash/artifacts/dflash/speed/isl12288_osl12288",
      "records": [
        "jsonl"
      ],
      "auto_plot": false,
      "plot_required": false
    },
    "tokenizer": {
      "name": "Qwen/Qwen3.6-27B"
    },
    "gpu_telemetry": {
      "enabled": true
    },
    "server_metrics": {
      "enabled": true,
      "urls": [],
      "formats": [
        "json",
        "csv"
      ]
    },
    "network_latency": {
      "enabled": false
    },
    "otel": {},
    "mlflow": {},
    "wandb": {}
  },
  "run_info": {
    "benchmark_id": "e2471185f2c1",
    "random_seed": 42,
    "trial": 0,
    "cli_command": "aiperf profile --model 'qwen36-dflash15' --url 'http://localhost:8001' --endpoint-type 'chat' --streaming --tokenizer 'Qwen/Qwen3.6-27B' --synthetic-input-tokens-mean 12288 --synthetic-input-tokens-stddev 0 --output-tokens-mean 12288 --output-tokens-stddev 0 --extra-inputs 'temperature:0' --extra-inputs 'top_p:1.0' --extra-inputs 'top_k:1' --extra-inputs 'ignore_eos:true' --extra-inputs 'min_tokens:12288' --concurrency 1 --random-seed 42 --warmup-request-count 1 --request-count 5 --output-artifact-dir '/home/luke/Documents/Code/DFlash/benchmark/../artifacts/dflash/speed/isl12288_osl12288'"
  },
  "was_cancelled": false,
  "error_summary": [],
  "start_time": "2026-07-05T21:28:34.890627",
  "end_time": "2026-07-05T21:33:14.087727",
  "http_req_data_received": {
    "unit": "KB",
    "avg": 2990.4796875,
    "p1": 2981.972421875,
    "p5": 2982.908984375,
    "p10": 2984.0796875,
    "p25": 2987.591796875,
    "p50": 2989.8232421875,
    "p75": 2992.3583984375,
    "p90": 2997.475390625,
    "p95": 2999.1810546875,
    "p99": 3000.5455859375,
    "min": 2981.73828125,
    "max": 3000.88671875,
    "std": 6.277242550084613,
    "count": 5,
    "sum": 14952.3984375
  },
  "http_req_connection_reused": {
    "unit": "ratio",
    "avg": 0.0,
    "p1": 0.0,
    "p5": 0.0,
    "p10": 0.0,
    "p25": 0.0,
    "p50": 0.0,
    "p75": 0.0,
    "p90": 0.0,
    "p95": 0.0,
    "p99": 0.0,
    "min": 0.0,
    "max": 0.0,
    "std": 0.0,
    "count": 5,
    "sum": 0.0
  },
  "http_req_connecting": {
    "unit": "ms",
    "avg": 0.286691,
    "p1": 0.25813379999999997,
    "p5": 0.259825,