{
  "schema_version": "1.3",
  "aiperf_version": "0.11.0",
  "benchmark_id": "a4fbeed49b89",
  "request_throughput": {
    "unit": "requests/sec",
    "avg": 0.019023520699628458
  },
  "request_latency": {
    "unit": "ms",
    "avg": 52514.0183958,
    "p1": 41623.84411588,
    "p5": 41838.8919834,
    "p10": 42107.7018178,
    "p25": 42914.131321,
    "p50": 44698.179487,
    "p75": 47343.448396,
    "p90": 70563.92973399999,
    "p95": 78304.09018,
    "p99": 84496.2185368,
    "min": 41570.082149,
    "max": 86044.250626,
    "std": 16876.1736054428,
    "count": 5,
    "sum": 262570.09197899996
  },
  "request_count": {
    "unit": "requests",
    "avg": 5.0
  },
  "time_to_first_token": {
    "unit": "ms",
    "avg": 4369.837648199999,
    "p1": 3741.5296250399997,
    "p5": 3854.0915611999994,
    "p10": 3994.7939814,
    "p25": 4416.901242,
    "p50": 4476.740801,
    "p75": 4590.129943999999,
    "p90": 4627.2682454,
    "p95": 4639.647679199999,
    "p99": 4649.55122624,
    "min": 3713.3891409999997,
    "max": 4652.027113,
    "std": 338.44571150422485,
    "count": 5,
    "sum": 21849.188241
  },
  "time_to_second_token": {
    "unit": "ms",
    "avg": 30.181383999999998,
    "p1": 29.26839092,
    "p5": 29.2951906,
    "p10": 29.328690199999997,
    "p25": 29.429188999999997,
    "p50": 29.667229,
    "p75": 29.774452,
    "p90": 31.5743962,
    "p95": 32.1743776,
    "p99": 32.654362719999995,
    "min": 29.261691,
    "max": 32.774359,
    "std": 1.3088239682667795,
    "count": 5,
    "sum": 150.90691999999999
  },
  "inter_token_latency": {
    "unit": "ms",
    "avg": 3.9183023315373977,
    "p1": 3.027591253015382,
    "p5": 3.042837551965492,
    "p10": 3.061895425653129,
    "p25": 3.1190690467160413,
    "p50": 3.2592294599169853,
    "p75": 3.5509122857491655,
    "p90": 5.40347762651583,
    "p95": 6.020999406771384,
    "p99": 6.515016830975829,
    "min": 3.0237796782778545,
    "max": 6.638521187026939,
    "std": 1.3717060718952812,
    "count": 5,
    "sum": 19.59151165768699
  },
  "output_token_throughput": {
    "unit": "tokens/sec",
    "avg": 233.7610223570345
  },
  "output_token_throughput_per_user": {
    "unit": "tokens/sec/user",
    "avg": 278.0790251019529,
    "p1": 155.87523067339194,
    "p5": 176.83232059034106,
    "p10": 203.02868298652743,
    "p25": 281.6177701750866,
    "p50": 306.8209870763351,
    "p75": 320.6084844620112,
    "p90": 326.6705491461105,
    "p95": 328.6912373741436,
    "p99": 330.3077879565701,
    "min": 150.63595819415465,
    "max": 330.71192560217673,
    "std": 65.81692111641247,
    "count": 5,
    "sum": 1390.3951255097643
  },
  "output_sequence_length": {
    "unit": "tokens",
    "avg": 12288.0,
    "p1": 12288.0,
    "p5": 12288.0,
    "p10": 12288.0,
    "p25": 12288.0,
    "p50": 12288.0,
    "p75": 12288.0,
    "p90": 12288.0,
    "p95": 12288.0,
    "p99": 12288.0,
    "min": 12288.0,
    "max": 12288.0,
    "std": 0.0,
    "count": 5,
    "sum": 61440.0
  },
  "input_sequence_length": {
    "unit": "tokens",
    "avg": 12288.0,
    "p1": 12288.0,
    "p5": 12288.0,
    "p10": 12288.0,
    "p25": 12288.0,
    "p50": 12288.0,
    "p75": 12288.0,
    "p90": 12288.0,
    "p95": 12288.0,
    "p99": 12288.0,
    "min": 12288.0,
    "max": 12288.0,
    "std": 0.0,
    "count": 5,
    "sum": 61440.0
  },
  "output_token_count": {
    "unit": "tokens",
    "avg": 12288.0,
    "p1": 12288.0,
    "p5": 12288.0,
    "p10": 12288.0,
    "p25": 12288.0,
    "p50": 12288.0,
    "p75": 12288.0,
    "p90": 12288.0,
    "p95": 12288.0,
    "p99": 12288.0,
    "min": 12288.0,
    "max": 12288.0,
    "std": 0.0,
    "count": 5,
    "sum": 61440.0
  },
  "inter_chunk_latency": {
    "unit": "ms",
    "avg": 3.918302331537397,
    "p1": 0.0,
    "p5": 0.015294090445269014,
    "p10": 0.02782790187327928,
    "p25": 0.05127450910946631,
    "p50": 0.08577108107940637,
    "p75": 0.13005867312535102,
    "p90": 27.298454920515518,
    "p95": 27.87784495192089,
    "p99": 30.782001535642483,
    "min": 0.0,
    "max": 37.025853,
    "std": 9.648842800121969,
    "count": 61435,
    "sum": 240720.903738
  },
  "total_output_tokens": {
    "unit": "tokens",
    "avg": 61440.0
  },
  "benchmark_duration": {
    "unit": "sec",
    "avg": 262.83252605800004
  },
  "total_isl": {
    "unit": "tokens",
    "avg": 61440.0
  },
  "total_osl": {
    "unit": "tokens",
    "avg": 61440.0
  },
  "telemetry_data": {
    "summary": {
      "endpoints_configured": [],
      "endpoints_successful": [],
      "start_time": "2026-07-15T10:58:51.992991",
      "end_time": "2026-07-15T11:03:16.899453"
    },
    "endpoints": {},
    "error_summary": []
  },
  "input_config": {
    "models": {
      "items": [
        {
          "name": "qwen36-dflash15"
        }
      ]
    },
    "endpoint": {
      "urls": [
        "http://localhost:8001"
      ],
      "type": "chat",
      "streaming": true,
      "extra": {
        "temperature": 0,
        "top_p": 1.0,
        "top_k": 1,
        "ignore_eos": true,
        "min_tokens": 12288
      }
    },
    "datasets": [
      {
        "name": "main",
        "type": "synthetic",
        "entries": 5,
        "random_seed": 42,
        "prompts": {
          "isl": {
            "mean": 12288.0,
            "stddev": 0.0
          },
          "osl": {
            "mean": 12288.0,
            "stddev": 0.0
          }
        }
      }
    ],
    "phases": [
      {
        "name": "warmup",
        "type": "concurrency",
        "exclude_from_results": true,
        "requests": 1,
        "concurrency": 1
      },
      {
        "name": "profiling",
        "type": "concurrency",
        "requests": 5,
        "concurrency": 1
      }
    ],
    "artifacts": {
      "dir": "/home/luke/Documents/Code/DFlash/artifacts/dflash/speed/isl12288_osl12288",
      "records": [
        "jsonl"
      ],
      "auto_plot": false,
      "plot_required": false
    },
    "tokenizer": {
      "name": "Qwen/Qwen3.6-27B"
    },
    "gpu_telemetry": {
      "enabled": true
    },
    "server_metrics": {
      "enabled": true,
      "urls": [],
      "formats": [
        "json",
        "csv"
      ]
    },
    "network_latency": {
      "enabled": false
    },
    "otel": {},
    "mlflow": {},
    "wandb": {}
  },
  "run_info": {
    "benchmark_id": "a4fbeed49b89",
    "random_seed": 42,
    "trial": 0,
    "cli_command": "aiperf profile --model 'qwen36-dflash15' --url 'http://localhost:8001' --endpoint-type 'chat' --streaming --tokenizer 'Qwen/Qwen3.6-27B' --synthetic-input-tokens-mean 12288 --synthetic-input-tokens-stddev 0 --output-tokens-mean 12288 --output-tokens-stddev 0 --extra-inputs 'temperature:0' --extra-inputs 'top_p:1.0' --extra-inputs 'top_k:1' --extra-inputs 'ignore_eos:true' --extra-inputs 'min_tokens:12288' --concurrency 1 --random-seed 42 --warmup-request-count 1 --request-count 5 --output-artifact-dir '/home/luke/Documents/Code/DFlash/benchmark/../artifacts/dflash/speed/isl12288_osl12288'"
  },
  "was_cancelled": false,
  "error_summary": [],
  "start_time": "2026-07-15T10:58:51.992991",
  "end_time": "2026-07-15T11:03:14.895497",
  "http_req_connecting": {
    "unit": "ms",
    "avg": 0.30222940000000004,
    "p1": 0.2580106,
    "p5": 0.260169,
    "p10": 0.26286699999999996,
    "p25": 0.270961,
    "p50": 0.30183099999999996,
    "p75": 0.317032,
    "p90": 0.345124,
    "p95": 0.35448799999999997,
    "p99": 0.3619792,
    "min": 0.257471,
    "max": 0.363852,
    "std": 0.037410286631353144,
    "count": 5,
    "sum": 1.511147
  },
  "http_req_waiting": {
    "unit": "ms",
    "avg": 4369.3497222,
    "p1": 3741.01225808,
    "p5": 3853.5669384,
    "p10": 3994.2602888,
    "p25": 4416.34034,
    "p50": 4476.30265,
    "p75": 4589.708242,
    "p90": 4626.7975713999995,
    "p95": 4639.1606812,
    "p99": 4649.05116904,
    "min": 3712.873588,
    "max": 4651.523791,
    "std": 338.4636004216667,
    "count": 5,
    "sum": 21846.748611
  },